MCU_Pin, CubeMX_Signal      , Configured_Mode                                             , Peripheral/AltFn                       , Firmware_Role / Connected Net               , Notes                                                                                                                               , Sources
PA0    , GPIO_Input         , GPIO input                                                  ,                                        , (unused input)                              , Currently unused input in .ioc/firmware; NOTE: spec Rev2.2 lists GPS_INT on PA0 but current firmware uses PB12 for GPS_INT          , stm32_spaceballoon.ioc; Core/Src/main.c; reference/Space_Balloon_사양서_Rev2.2.pdf
PA1    , ADC1_IN2           , Analog                                                      , ADC1_IN2                                , BAT_measure (battery ADC input)             , Used by battery_adc as PA1 (ADC1_IN2 / ADC_CHANNEL_2); labeled BAT_measure in .ioc                                                  , stm32_spaceballoon.ioc; Core/Src/drivers/battery_adc.c
PA2    , USART2_TX          , AF push-pull                                                , USART2 TX                              , PMS3003 UART TX (MCU->sensor)               , UART2 reserved for PMS3003 per project convention                                                                                   , stm32_spaceballoon.ioc; Core/Src/stm32g4xx_hal_msp.c
PA3    , USART2_RX          , AF push-pull                                                , USART2 RX                              , PMS3003 UART RX (sensor->MCU)               , UART2 reserved for PMS3003 per project convention                                                                                   , stm32_spaceballoon.ioc; Core/Src/stm32g4xx_hal_msp.c
PA4    , GPIO_Output        , GPIO output                                                 ,                                        , MCP9600 reset (MCP_RST)                     , Reset line macro RESET_MCP_RST; initial level set low in MX_GPIO_Init                                                               , stm32_spaceballoon.ioc; Core/Src/main.c; Core/Inc/app/board_pins.h
PA5    , GPIO_Output        , GPIO output                                                 ,                                        , MS5611 reset (MS_RST)                       , Reset line macro RESET_MS_RST; initial level set low in MX_GPIO_Init                                                                , stm32_spaceballoon.ioc; Core/Src/main.c; Core/Inc/app/board_pins.h
PA6    , S_TIM16_CH1        , AF push-pull                                                , TIM16_CH1                              , (timer channel)                             , No explicit higher-level assignment found (PWM/OC capable)                                                                          , stm32_spaceballoon.ioc; Core/Src/stm32g4xx_hal_msp.c
PA7    , GPIO_Output        , GPIO output                                                 ,                                        , GPS wake control (GPS_Wake)                 , GPIO label GPS_Wake in .ioc; driven HIGH at boot (polarity assumed) by firmware                                                     , stm32_spaceballoon.ioc; Core/Src/main.c; Core/Inc/app/board_pins.h
PA8    , I2C3_SCL           , AF open-drain                                               , I2C3 SCL                               , I2C3 bus clock (CM1107N/MCP9600)            , I2C3 is project convention for CM1107N + MCP9600                                                                                    , stm32_spaceballoon.ioc; Core/Src/stm32g4xx_hal_msp.c
PA9    , GPIO_Output        , GPIO output                                                 ,                                        , GPS reset control (GPS_nRST)                , GPIO label GPS_nRST in .ioc; driven HIGH at boot (deassert reset; polarity assumed) by firmware                                     , stm32_spaceballoon.ioc; Core/Src/main.c; Core/Inc/app/board_pins.h
PA10   , USART1_RX          , AF push-pull                                                , USART1 RX                              , GPS UART RX (MCU<-GPS TX)                   , USART1 reserved for GPS (XA1110) per project convention                                                                             , stm32_spaceballoon.ioc; Core/Src/stm32g4xx_hal_msp.c
PA14   , I2C1_SDA           , AF open-drain                                               , I2C1 SDA                               , I2C1 bus data (GDK101/LSM6DSV16x/MLX90393)  , I2C1 is project convention for these sensors                                                                                        , stm32_spaceballoon.ioc; Core/Src/stm32g4xx_hal_msp.c
PA15   , I2C1_SCL           , AF open-drain                                               , I2C1 SCL                               , I2C1 bus clock (GDK101/LSM6DSV16x/MLX90393) , I2C1 is project convention for these sensors                                                                                        , stm32_spaceballoon.ioc; Core/Src/stm32g4xx_hal_msp.c
PB0    , GPIO_Output        , GPIO output                                                 ,                                        , CO2 reset (CO2_RST)                         , Reset line macro RESET_CO2_RST; initial level set low in MX_GPIO_Init                                                               , stm32_spaceballoon.ioc; Core/Src/main.c; Core/Inc/app/board_pins.h
PB1    , S_TIM3_CH4 (CubeMX), AF push-pull (CubeMX) -> GPIO output (user override)        , TIM3_CH4 (CubeMX) -> SEN_RST (firmware), Sensor board reset (SEN_RST)                , Firmware forces PB1 to GPIO output in USER CODE to use as reset line; this overrides CubeMX TIM3_CH4 mapping                        , stm32_spaceballoon.ioc; Core/Src/stm32g4xx_hal_msp.c; Core/Src/main.c; Core/Inc/app/board_pins.h
PB4    , GPIO_EXTI4         , GPIO interrupt (rising)                                     , EXTI4                                  , GPS_PPS (1PPS input)                        , GPIO label GPS_PPS in .ioc; EXTI rising used for PPS discipline                                                                     , stm32_spaceballoon.ioc; Core/Src/main.c; Core/Src/stm32g4xx_it.c; Core/Inc/app/board_pins.h
PB5    , I2C3_SDA           , AF open-drain                                               , I2C3 SDA                               , I2C3 bus data (CM1107N/MCP9600)             , I2C3 is project convention for CM1107N + MCP9600                                                                                    , stm32_spaceballoon.ioc; Core/Src/stm32g4xx_hal_msp.c
PB6    , GPIO_Output        , GPIO output                                                 ,                                        , (unused GPIO output)                        , Currently GPIO output in .ioc/firmware; NOTE: spec Rev2.2 lists GPS UART1 TX/RX on PB6/PB7 but this firmware uses USART1 on PC4/PA10, stm32_spaceballoon.ioc; Core/Src/main.c; reference/Space_Balloon_사양서_Rev2.2.pdf
PB7    , GPIO_Output        , GPIO output                                                 ,                                        , (unused GPIO output)                        , Currently GPIO output in .ioc/firmware; NOTE: spec Rev2.2 lists GPS UART1 TX/RX on PB6/PB7 but this firmware uses USART1 on PC4/PA10, stm32_spaceballoon.ioc; Core/Src/main.c; reference/Space_Balloon_사양서_Rev2.2.pdf
PB10   , GPIO_Output        , GPIO output                                                 ,                                        , PMS3003 SET (PMS_SET)                       , Reset line macro RESET_PMS_SET; set HIGH at boot by firmware                                                                        , stm32_spaceballoon.ioc; Core/Src/main.c; Core/Inc/app/board_pins.h
PB11   , GPIO_Output        , GPIO output                                                 ,                                        , IMU reset (LSM_RST)                         , Reset line macro RESET_LSM_RST; initial level set low in MX_GPIO_Init                                                               , stm32_spaceballoon.ioc; Core/Src/main.c; Core/Inc/app/board_pins.h
PB12   , GPIO_EXTI12        , GPIO interrupt (rising)                                     , EXTI12                                 , GPS interrupt input (GPS_INT)               , GPIO label GPS_INT in .ioc; EXTI rising + capture driver used; health ext_flag bit4 indicates recent GPS_INT activity               , stm32_spaceballoon.ioc; Core/Src/main.c; Core/Src/stm32g4xx_it.c; Core/Inc/app/board_pins.h
PB13   , GPIO_Output        , GPIO output                                                 ,                                        , (unknown GPIO output)                       , Configured as output low in MX_GPIO_Init; no explicit use found in code                                                             , stm32_spaceballoon.ioc; Core/Src/main.c
PB14   , GPIO_Output        , GPIO output                                                 ,                                        , MLX reset control (MLX_nRST / RESET_MLX_RST), GPIO label MLX_nRST in .ioc; driven HIGH at boot (deassert reset; polarity assumed) by firmware                                     , stm32_spaceballoon.ioc; Core/Src/main.c; Core/Inc/app/board_pins.h
PB15   , GPIO_Input (CubeMX), GPIO input (CubeMX) -> 1-Wire bit-bang (driver changes mode),                                        , DS18B20 1-Wire data                         , Driver reconfigures PB15 between open-drain output low and input pull-up for 1-Wire timing                                          , stm32_spaceballoon.ioc; Core/Src/drivers/ds18b20.c
PC4    , USART1_TX          , AF push-pull                                                , USART1 TX                              , GPS UART TX (MCU->GPS RX)                   , USART1 reserved for GPS (XA1110) per project convention                                                                             , stm32_spaceballoon.ioc; Core/Src/stm32g4xx_hal_msp.c
PC6    , S_TIM8_CH1         , AF push-pull                                                , TIM8_CH1                               , (timer channel)                             , No explicit higher-level assignment found (PWM/OC capable)                                                                          , stm32_spaceballoon.ioc; Core/Src/stm32g4xx_hal_msp.c
PC10   , USART3_TX          , AF push-pull                                                , USART3 TX                              , Telemetry UART TX (MCU->external)           , USART3 reserved for telemetry output per project convention                                                                         , stm32_spaceballoon.ioc; Core/Src/stm32g4xx_hal_msp.c
PC11   , USART3_RX          , AF push-pull                                                , USART3 RX                              , Telemetry UART RX (external->MCU)           , USART3 reserved for telemetry (RX currently unused by services)                                                                     , stm32_spaceballoon.ioc; Core/Src/stm32g4xx_hal_msp.c
PC13   , RTC_OUT1           , AF push-pull                                                , RTC_OUT1                               , (RTC 1Hz output)                            , Configured as RTC_OUT1 (Calibration_1Hz) in CubeMX                                                                                  , stm32_spaceballoon.ioc; Core/Src/stm32g4xx_hal_msp.c
