Timestamp,Seq,Uptime,Status,CO2,AccX,AccY,AccZ,GyroX,GyroY,GyroZ,MagX,MagY,MagZ,TempBoard,TempExt,TempSHT,TempBat,Lat,Lon,Alt,Fix,Sats,BatMV,PM1,PM2.5,PM10,Ozone,Hum,Press,TempBaro,Rad,HeatBat,HeatBrd,FusAlt,KalAlt,Roll,Pitch
32:33.2,SIM,0,0x0000,404,55,-78,9642,0,0,0,0,0,0,3050,2467,2467,2800,351540000,1280981000,50,3,12,4200,5,10,15,20,5000,100725,2467,12,0,0,50,50,0,0
32:33.9,SIM,753,0x0000,398,-70,51,10148,0,0,0,0,0,0,3050,2467,2467,2800,351540000,1280981000,50,3,12,4200,5,10,15,20,5000,100725,2467,12,0,0,50,50,0,0
32:34.7,SIM,1535,0x0000,396,-53,61,9539,0,0,0,0,0,0,3050,2467,2467,2800,351540000,1280981000,50,3,12,4200,5,10,15,20,5000,100725,2467,12,0,0,50,50,0,0
32:35.4,SIM,2229,0x0000,413,21,-3,9983,0,0,0,0,0,0,3050,2467,2467,2800,351540000,1280981000,50,3,12,4200,5,10,15,20,5000,100725,2467,12,0,0,50,50,0,0
32:36.0,SIM,2811,0x0000,403,-32,-44,9605,0,0,0,0,0,0,3050,2467,2467,2800,351540000,1280981000,50,3,12,4200,5,10,15,20,5000,100725,2467,12,0,0,50,50,0,0
32:36.6,SIM,3407,0x0000,413,-81,-28,9589,0,0,0,0,0,0,3050,2467,2467,2800,351540000,1280981000,50,3,12,4200,5,10,15,20,5000,100725,2467,12,0,0,50,50,0,0
32:37.2,SIM,4054,0x0000,410,-42,-44,10189,0,0,0,0,0,0,3050,2467,2467,2800,351540000,1280981000,50,3,12,4200,5,10,15,20,5000,100725,2467,12,0,0,50,50,0,0
32:38.0,SIM,4794,0x0000,399,88,57,10234,0,0,0,0,0,0,3050,2467,2467,2800,351540000,1280981000,50,3,12,4200,5,10,15,20,5000,100725,2467,12,0,0,50,50,0,0
32:38.6,SIM,5398,0x0000,414,0,20,9477,0,0,0,0,0,0,3050,2467,2467,2800,351540000,1280981000,50,3,12,4200,5,10,15,20,5000,100725,2467,12,0,0,50,50,0,0
32:39.2,SIM,6031,0x0000,396,35,-52,10028,0,0,0,0,0,0,3050,2467,2467,2800,351540000,1280981000,50,3,12,4200,5,10,15,20,5000,100725,2467,12,0,0,50,50,0,0
32:39.8,SIM,6650,0x0000,413,-53,80,9710,0,0,0,0,0,0,3050,2467,2467,2800,351540000,1280981000,50,3,12,4200,5,10,15,20,5000,100725,2467,12,0,0,50,50,0,0
32:40.5,SIM,7290,0x0000,399,87,-21,9492,0,0,0,0,0,0,3050,2467,2467,2800,351540000,1280981000,50,3,12,4200,5,10,15,20,5000,100725,2467,12,0,0,50,50,0,0
32:41.1,SIM,7922,0x0000,410,-71,86,10089,0,0,0,0,0,0,3050,2467,2467,2800,351540000,1280981000,50,3,12,4200,5,10,15,20,5000,100725,2467,12,0,0,50,50,0,0
32:41.8,SIM,8589,0x0000,395,-20,85,10274,0,0,0,0,0,0,3050,2467,2467,2800,351540000,1280981000,50,3,12,4200,5,10,15,20,5000,100725,2467,12,0,0,50,50,0,0
32:42.4,SIM,9208,0x0000,397,28,55,10104,0,0,0,0,0,0,3050,2467,2467,2800,351540000,1280981000,50,3,12,4200,5,10,15,20,5000,100725,2467,12,0,0,50,50,0,0
32:43.0,SIM,9798,0x0000,412,82,-39,9964,0,0,0,0,0,0,3050,2467,2467,2800,351540000,1280981000,50,3,12,4200,5,10,15,20,5000,100725,2467,12,0,0,50,50,0,0
32:43.6,SIM,10396,0x0000,412,40,-6,9636,0,0,0,0,0,0,3050,2467,2467,2800,351540000,1280981000,50,3,12,4200,5,10,15,20,5000,100725,2467,12,0,0,50,50,0,0
32:44.2,SIM,10987,0x0000,407,-92,78,9593,0,0,0,0,0,0,3050,2467,2467,2800,351540000,1280981000,50,3,12,4200,5,10,15,20,5000,100725,2467,12,0,0,50,50,0,0
32:44.8,SIM,11580,0x0000,399,40,24,9884,0,0,0,0,0,0,3050,2467,2467,2800,351540000,1280981000,50,3,12,4200,5,10,15,20,5000,100725,2467,12,0,0,50,50,0,0
32:45.4,SIM,12198,0x0000,401,-36,90,9692,0,0,0,0,0,0,3050,2467,2467,2800,351540000,1280981000,50,3,12,4200,5,10,15,20,5000,100725,2467,12,0,0,50,50,0,0
32:46.0,SIM,12851,0x0000,410,0,-83,9583,0,0,0,0,0,0,3050,2467,2467,2800,351540000,1280981000,50,3,12,4200,5,10,15,20,5000,100725,2467,12,0,0,50,50,0,0
32:46.6,SIM,13455,0x0000,405,-26,52,10147,0,0,0,0,0,0,3050,2467,2467,2800,351540000,1280981000,50,3,12,4200,5,10,15,20,5000,100725,2467,12,0,0,50,50,0,0
32:47.3,SIM,14091,0x0000,405,-92,-18,10132,0,0,0,0,0,0,3050,2467,2467,2800,351540000,1280981000,50,3,12,4200,5,10,15,20,5000,100725,2467,12,0,0,50,50,0,0
32:47.9,SIM,14746,0x0000,406,9,93,9630,0,0,0,0,0,0,3050,2467,2467,2800,351540000,1280981000,50,3,12,4200,5,10,15,20,5000,100725,2467,12,0,0,50,50,0,0
32:48.6,SIM,15412,0x0000,409,-70,-77,10220,0,0,0,0,0,0,3050,2467,2467,2800,351540000,1280981000,50,3,12,4200,5,10,15,20,5000,100725,2467,12,0,0,50,50,0,0
32:49.2,SIM,16083,0x0000,415,93,96,10028,0,0,0,0,0,0,3050,2467,2467,2800,351540000,1280981000,50,3,12,4200,5,10,15,20,5000,100725,2467,12,0,0,50,50,0,0
32:49.9,SIM,16748,0x0000,405,-54,57,9922,0,0,0,0,0,0,3050,2467,2467,2800,351540000,1280981000,50,3,12,4200,5,10,15,20,5000,100725,2467,12,0,0,50,50,0,0
32:50.6,SIM,17447,0x0000,405,60,-50,9396,0,0,0,0,0,0,3050,2467,2467,2800,351540000,1280981000,50,3,12,4200,5,10,15,20,5000,100725,2467,12,0,0,50,50,0,0
32:51.3,SIM,18107,0x0000,396,-21,-78,9875,0,0,0,0,0,0,3050,2467,2467,2800,351540000,1280981000,50,3,12,4200,5,10,15,20,5000,100725,2467,12,0,0,50,50,0,0
32:51.9,SIM,18755,0x0000,411,16,98,9361,0,0,0,0,0,0,3050,2467,2467,2800,351540000,1280981000,50,3,12,4200,5,10,15,20,5000,100725,2467,12,0,0,50,50,0,0
32:52.6,SIM,19411,0x0000,408,-85,-74,10255,0,0,0,0,0,0,3050,2467,2467,2800,351540000,1280981000,50,3,12,4200,5,10,15,20,5000,100725,2467,12,0,0,50,50,0,0
32:53.3,SIM,20097,0x0000,407,-74,-52,9988,0,0,0,0,0,0,3050,2467,2467,2800,351540000,1280981000,50,3,12,4200,5,10,15,20,5000,100725,2467,12,0,0,50,50,0,0
32:53.9,SIM,20772,0x0000,396,-48,27,10151,0,0,0,0,0,0,3050,2467,2467,2800,351540000,1280981000,50,3,12,4200,5,10,15,20,5000,100725,2467,12,0,0,50,50,0,0
32:54.5,SIM,21392,0x0000,401,37,52,9450,0,0,0,0,0,0,3050,2467,2467,2800,351540000,1280981000,50,3,12,4200,5,10,15,20,5000,100725,2467,12,0,0,50,50,0,0
32:55.1,SIM,21968,0x0000,412,-77,20,10115,0,0,0,0,0,0,3050,2467,2467,2800,351540000,1280981000,50,3,12,4200,5,10,15,20,5000,100725,2467,12,0,0,50,50,0,0
32:55.7,SIM,22542,0x0000,404,-95,6,9626,0,0,0,0,0,0,3050,2467,2467,2800,351540000,1280981000,50,3,12,4200,5,10,15,20,5000,100725,2467,12,0,0,50,50,0,0
32:56.3,SIM,23126,0x0000,411,-26,8,10123,0,0,0,0,0,0,3050,2467,2467,2800,351540000,1280981000,50,3,12,4200,5,10,15,20,5000,100725,2467,12,0,0,50,50,0,0
32:56.9,SIM,23707,0x0000,399,-17,32,10042,0,0,0,0,0,0,3050,2467,2467,2800,351540000,1280981000,50,3,12,4200,5,10,15,20,5000,100725,2467,12,0,0,50,50,0,0
32:57.4,SIM,24288,0x0000,404,-2,-64,10088,0,0,0,0,0,0,3050,2467,2467,2800,351540000,1280981000,50,3,12,4200,5,10,15,20,5000,100725,2467,12,0,0,50,50,0,0
32:58.1,SIM,24932,0x0000,404,-12,-1,9869,0,0,0,0,0,0,3050,2467,2467,2800,351540000,1280981000,50,3,12,4200,5,10,15,20,5000,100725,2467,12,0,0,50,50,0,0
32:58.7,SIM,25535,0x0000,401,28,-43,9537,0,0,0,0,0,0,3050,2467,2467,2800,351540000,1280981000,50,3,12,4200,5,10,15,20,5000,100725,2467,12,0,0,50,50,0,0
32:59.3,SIM,26139,0x0000,404,10,92,10009,0,0,0,0,0,0,3050,2467,2467,2800,351540000,1280981000,50,3,12,4200,5,10,15,20,5000,100725,2467,12,0,0,50,50,0,0
32:59.9,SIM,26744,0x0000,406,53,70,10055,0,0,0,0,0,0,3050,2467,2467,2800,351540000,1280981000,50,3,12,4200,5,10,15,20,5000,100725,2467,12,0,0,50,50,0,0
33:00.6,SIM,27379,0x0000,396,-69,54,9334,0,0,0,0,0,0,3050,2467,2467,2800,351540000,1280981000,50,3,12,4200,5,10,15,20,5000,100725,2467,12,0,0,50,50,0,0
33:01.2,SIM,27983,0x0000,395,-96,63,10299,0,0,0,0,0,0,3050,2467,2467,2800,351540000,1280981000,50,3,12,4200,5,10,15,20,5000,100725,2467,12,0,0,50,50,0,0
33:01.8,SIM,28587,0x0000,400,-85,38,9573,0,0,0,0,0,0,3050,2467,2467,2800,351540000,1280981000,50,3,12,4200,5,10,15,20,5000,100725,2467,12,0,0,50,50,0,0
33:02.4,SIM,29259,0x0000,411,61,76,9438,0,0,0,0,0,0,3050,2467,2467,2800,351540000,1280981000,50,3,12,4200,5,10,15,20,5000,100725,2467,12,0,0,50,50,0,0
33:03.1,SIM,29903,0x0000,399,66,63,10136,0,0,0,0,0,0,3050,2467,2467,2800,351540000,1280981000,50,3,12,4200,5,10,15,20,5000,100725,2467,12,0,0,50,50,0,0
33:03.7,SIM,30531,0x0000,404,8,-7,9970,0,0,0,0,0,0,3050,2467,2467,2800,351540000,1280981000,50,3,12,4200,5,10,15,20,5000,100725,2467,12,0,0,50,50,0,0
33:04.3,SIM,31157,0x0000,402,41,-4,10176,0,0,0,0,0,0,3050,2467,2467,2800,351540000,1280981000,50,3,12,4200,5,10,15,20,5000,100725,2467,12,0,0,50,50,0,0
33:05.0,SIM,31786,0x0000,395,-84,9,9734,0,0,0,0,0,0,3050,2467,2467,2800,351540000,1280981000,50,3,12,4200,5,10,15,20,5000,100725,2467,12,0,0,50,50,0,0
33:05.6,SIM,32412,0x0000,411,-66,-4,10128,0,0,0,0,0,0,3050,2467,2467,2800,351540000,1280981000,50,3,12,4200,5,10,15,20,5000,100725,2467,12,0,0,50,50,0,0
33:06.2,SIM,33040,0x0000,408,-85,54,9515,0,0,0,0,0,0,3050,2467,2467,2800,351540000,1280981000,50,3,12,4200,5,10,15,20,5000,100725,2467,12,0,0,50,50,0,0
33:06.9,SIM,33712,0x0000,397,0,-38,10283,0,0,0,0,0,0,3050,2467,2467,2800,351540000,1280981000,50,3,12,4200,5,10,15,20,5000,100725,2467,12,0,0,50,50,0,0
33:07.5,SIM,34361,0x0000,405,78,-24,10083,0,0,0,0,0,0,3050,2467,2467,2800,351540000,1280981000,50,3,12,4200,5,10,15,20,5000,100725,2467,12,0,0,50,50,0,0
33:08.2,SIM,35040,0x0000,409,3,79,9532,0,0,0,0,0,0,3050,2467,2467,2800,351540000,1280981000,50,0,12,4200,5,10,15,20,5000,100725,2467,12,0,0,50,50,0,0
33:08.8,SIM,35688,0x0000,405,-48,40,9845,0,0,0,0,0,0,3050,2467,2467,2800,351540000,1280981000,50,0,12,4200,5,10,15,20,5000,100725,2467,12,0,0,50,50,0,0
33:09.5,SIM,36329,0x0000,414,97,-75,9545,0,0,0,0,0,0,3050,2467,2467,2800,351540000,1280981000,50,0,12,4200,5,10,15,20,5000,100725,2467,12,0,0,50,50,0,0
33:10.1,SIM,36981,0x0000,409,62,-99,9851,0,0,0,0,0,0,3050,2467,2467,2800,351540000,1280981000,50,0,12,4200,5,10,15,20,5000,100725,2467,12,0,0,50,50,0,0
33:10.8,SIM,37665,0x0000,400,46,10,10072,0,0,0,0,0,0,3050,2467,2467,2800,351540000,1280981000,50,0,12,4200,5,10,15,20,5000,100725,2467,12,0,0,50,50,0,0
33:11.5,SIM,38318,0x0000,398,-54,48,9666,0,0,0,0,0,0,3050,2467,2467,2800,351540000,1280981000,50,0,12,4200,5,10,15,20,5000,100725,2467,12,0,0,50,50,0,0
33:12.1,SIM,38991,0x0000,409,-54,-81,9508,0,0,0,0,0,0,3050,2467,2467,2800,351540000,1280981000,50,0,12,4200,5,10,15,20,5000,100725,2467,12,0,0,50,50,0,0
33:12.9,SIM,39729,0x0000,401,-82,4,9953,0,0,0,0,0,0,3050,2467,2467,2800,351540000,1280981000,50,0,12,4200,5,10,15,20,5000,100725,2467,12,0,0,50,50,0,0
33:13.6,SIM,40409,0x0000,404,-36,-16,10221,0,0,0,0,0,0,3050,2467,2467,2800,351540000,1280981000,50,0,12,4200,5,10,15,20,5000,100725,2467,12,0,0,50,50,0,0
33:14.3,SIM,41118,0x0000,410,89,1,9565,0,0,0,0,0,0,3050,2467,2467,2800,351540000,1280981000,50,0,12,4200,5,10,15,20,5000,100725,2467,12,0,0,50,50,0,0
33:14.9,SIM,41743,0x0000,404,64,-28,10238,0,0,0,0,0,0,3050,2467,2467,2800,351540000,1280981000,50,0,12,4200,5,10,15,20,5000,100725,2467,12,0,0,50,50,0,0
33:15.5,SIM,42377,0x0000,411,97,8,10064,0,0,0,0,0,0,3050,2467,2467,2800,351540000,1280981000,50,0,12,4200,5,10,15,20,5000,100725,2467,12,0,0,50,50,0,0
33:16.1,SIM,42951,0x0000,397,-3,79,9697,0,0,0,0,0,0,3050,2467,2467,2800,351540000,1280981000,50,0,12,4200,5,10,15,20,5000,100725,2467,12,0,0,50,50,0,0
33:16.7,SIM,43532,0x0000,409,-17,-54,9943,0,0,0,0,0,0,3050,2467,2467,2800,351540000,1280981000,50,0,12,4200,5,10,15,20,5000,100725,2467,12,0,0,50,50,0,0
33:17.3,SIM,44109,0x0000,400,85,-77,9411,0,0,0,0,0,0,3050,2467,2467,2800,351540000,1280981000,50,0,12,4200,5,10,15,20,5000,100725,2467,12,0,0,50,50,0,0
33:17.8,SIM,44694,0x0000,403,-69,-27,10196,0,0,0,0,0,0,3050,2467,2467,2800,351540000,1280981000,50,0,12,4200,5,10,15,20,5000,100725,2467,12,0,0,50,50,0,0
33:18.4,SIM,45276,0x0000,409,-90,-71,9458,0,0,0,0,0,0,3050,2467,2467,2800,351540000,1280981000,50,3,12,4200,5,10,15,20,5000,100725,2467,12,0,0,50,50,0,0
33:19.1,SIM,45899,0x0000,412,-93,-43,9893,0,0,0,0,0,0,3050,2467,2467,2800,351540000,1280981000,50,3,12,4200,5,10,15,20,5000,100725,2467,12,0,0,50,50,0,0
33:19.7,SIM,46481,0x0000,411,-90,-68,9307,0,0,0,0,0,0,3050,2467,2467,2800,351540000,1280981000,50,3,12,4200,5,10,15,20,5000,100725,2467,12,0,0,50,50,0,0
33:20.2,SIM,47060,0x0000,396,4,68,9482,0,0,0,0,0,0,3050,2467,2467,2800,351540000,1280981000,50,3,12,4200,5,10,15,20,5000,100725,2467,12,0,0,50,50,0,0
33:20.8,SIM,47638,0x0000,405,-87,-60,9388,0,0,0,0,0,0,3050,2467,2467,2800,351540000,1280981000,50,3,12,4200,5,10,15,20,5000,100725,2467,12,0,0,50,50,0,0
33:21.4,SIM,48248,0x0000,403,54,79,9884,0,0,0,0,0,0,3050,2467,2467,2800,351540000,1280981000,50,3,12,4200,5,10,15,20,5000,100725,2467,12,0,0,50,50,0,0
33:22.0,SIM,48851,0x0000,409,-25,-90,9489,0,0,0,0,0,0,3050,2467,2467,2800,351540000,1280981000,50,3,12,4200,5,10,15,20,5000,100725,2467,12,0,0,50,50,0,0
33:22.7,SIM,49498,0x0000,408,-97,15,9636,0,0,0,0,0,0,3050,2467,2467,2800,351540000,1280981000,50,3,12,4200,5,10,15,20,5000,100725,2467,12,0,0,50,50,0,0
33:23.3,SIM,50099,0x0000,414,-41,-78,9799,0,0,0,0,0,0,3050,2467,2467,2800,351540000,1280981000,50,3,12,4200,5,10,15,20,5000,100725,2467,12,0,0,50,50,0,0
33:23.9,SIM,50717,0x0000,414,94,83,9485,0,0,0,0,0,0,3050,2467,2467,2800,351540000,1280981000,50,3,12,4200,5,10,15,20,5000,100725,2467,12,0,0,50,50,0,0
33:24.5,SIM,51322,0x0000,397,-9,-37,10153,0,0,0,0,0,0,3050,2467,2467,2800,351540000,1280981000,50,3,12,4200,5,10,15,20,5000,100725,2467,12,0,0,50,50,0,0
33:25.1,SIM,51926,0x0000,402,-94,51,9557,0,0,0,0,0,0,3050,2467,2467,2800,351540000,1280981000,50,3,12,4200,5,10,15,20,5000,100725,2467,12,0,0,50,50,0,0
33:25.7,SIM,52522,0x0000,405,97,-46,10255,0,0,0,0,0,0,3050,2467,2467,2800,351540000,1280981000,50,3,12,4200,5,10,15,20,5000,100725,2467,12,0,0,50,50,0,0
33:26.3,SIM,53127,0x0000,403,61,0,9883,0,0,0,0,0,0,3050,2467,2467,2800,351540000,1280981000,50,3,12,4200,5,10,15,20,5000,100725,2467,12,0,0,50,50,0,0
33:27.0,SIM,53781,0x0000,409,23,-75,9834,0,0,0,0,0,0,3050,2467,2467,2800,351540000,1280981000,50,3,12,4200,5,10,15,20,5000,100725,2467,12,0,0,50,50,0,0
33:27.6,SIM,54385,0x0000,401,-76,-29,9359,0,0,0,0,0,0,3050,2467,2467,2800,351540000,1280981000,50,3,12,4200,5,10,15,20,5000,100725,2467,12,0,0,50,50,0,0
33:28.2,SIM,55008,0x0000,407,-36,-45,9335,0,0,0,0,0,0,3050,2467,2467,2800,351540000,1280981000,50,3,12,4200,5,10,15,20,5000,100725,2467,12,0,0,50,50,0,0
33:28.8,SIM,55630,0x0000,407,87,15,9710,0,0,0,0,0,0,3050,2467,2467,2800,351540000,1280981000,50,3,12,4200,5,10,15,20,5000,100725,2467,12,0,0,50,50,0,0
33:29.4,SIM,56235,0x0000,402,-74,-7,9911,0,0,0,0,0,0,3050,2467,2467,2800,351540000,1280981000,50,3,12,4200,5,10,15,20,5000,100725,2467,12,0,0,50,50,0,0
33:30.0,SIM,56881,0x0000,397,93,73,9779,0,0,0,0,0,0,3050,2467,2467,2800,351540000,1280981000,50,3,12,4200,5,10,15,20,5000,100725,2467,12,0,0,50,50,0,0
33:30.7,SIM,57528,0x0000,399,33,85,10071,0,0,0,0,0,0,3050,2467,2467,2800,351540000,1280981000,50,3,12,4200,5,10,15,20,5000,100725,2467,12,0,0,50,50,0,0
33:31.3,SIM,58146,0x0000,400,8,-45,9737,0,0,0,0,0,0,3050,2467,2467,2800,351540000,1280981000,50,3,12,4200,5,10,15,20,5000,100725,2467,12,0,0,50,50,0,0
33:31.9,SIM,58765,0x0000,412,6,38,9396,0,0,0,0,0,0,3050,2467,2467,2800,351540000,1280981000,50,3,12,4200,5,10,15,20,5000,100725,2467,12,0,0,50,50,0,0
33:32.5,SIM,59395,0x0000,403,-94,-88,9981,0,0,0,0,0,0,3050,2467,2467,2800,351540000,1280981000,50,3,12,4200,5,10,15,20,5000,100725,2467,12,0,0,50,50,0,0
33:33.2,SIM,60014,0x0000,395,-35,0,9301,0,0,0,0,0,0,3050,2467,2467,2800,351540000,1280981000,50,3,12,4200,5,10,15,20,5000,100725,2467,12,0,0,50,50,0,0
33:33.8,SIM,60657,0x0000,405,16,-68,9507,0,0,0,0,0,0,3050,2467,2467,2800,351540000,1280981000,50,3,12,4200,5,10,15,20,5000,100725,2467,12,0,0,50,50,0,0
33:34.4,SIM,61287,0x0000,399,23,6,9675,0,0,0,0,0,0,3050,2467,2467,2800,351540000,1280981000,50,3,12,4200,5,10,15,20,5000,100725,2467,12,0,0,50,50,0,0
33:35.1,SIM,61953,0x0000,414,-62,96,9589,0,0,0,0,0,0,3050,2467,2467,2800,351540000,1280981000,50,3,12,4200,5,10,15,20,5000,100725,2467,12,0,0,50,50,0,0
33:35.7,SIM,62581,0x0000,398,-55,-50,9459,0,0,0,0,0,0,3050,2467,2467,2800,351540000,1280981000,50,3,12,4200,5,10,15,20,5000,100725,2467,12,0,0,50,50,0,0
33:36.4,SIM,63213,0x0000,405,-20,-2,9360,0,0,0,0,0,0,3050,2467,2467,2800,351540000,1280981000,50,3,12,4200,5,10,15,20,5000,100725,2467,12,0,0,50,50,0,0
33:37.0,SIM,63841,0x0000,398,38,62,9654,0,0,0,0,0,0,3050,2467,2467,2800,351540000,1280981000,50,3,12,4200,5,10,15,20,5000,100725,2467,12,0,0,50,50,0,0
33:37.6,SIM,64470,0x0000,404,92,-11,9608,0,0,0,0,0,0,3050,2467,2467,2800,351540000,1280981000,50,3,12,4200,5,10,15,20,5000,100725,2467,12,0,0,50,50,0,0
33:38.2,SIM,65073,0x0000,411,-84,-27,10299,0,0,0,0,0,0,3050,2467,2467,2800,351540000,1280981000,50,3,12,4200,5,10,15,20,5000,100725,2467,12,0,0,50,50,0,0
33:38.9,SIM,65766,0x0000,407,99,78,9721,0,0,0,0,0,0,3050,2467,2467,2800,351540000,1280981000,50,3,12,4200,5,10,15,20,5000,100725,2467,12,0,0,50,50,0,0
33:39.5,SIM,66370,0x0000,407,62,29,9678,0,0,0,0,0,0,3050,2467,2467,2800,351540000,1280981000,50,3,12,4200,5,10,15,20,5000,100725,2467,12,0,0,50,50,0,0
33:40.1,SIM,66973,0x0000,399,-12,-41,9927,0,0,0,0,0,0,3050,2467,2467,2800,351540000,1280981000,50,3,12,4200,5,10,15,20,5000,100725,2467,12,0,0,50,50,0,0
33:40.8,SIM,67596,0x0000,409,86,60,9994,0,0,0,0,0,0,3050,2467,2467,2800,351540000,1280981000,50,3,12,4200,5,10,15,20,5000,100725,2467,12,0,0,50,50,0,0
33:41.5,SIM,68292,0x0000,402,-66,70,9499,0,0,0,0,0,0,3050,2467,2467,2800,351540000,1280981000,50,3,12,4200,5,10,15,20,5000,100725,2467,12,0,0,50,50,0,0
33:42.1,SIM,68921,0x0000,401,42,-11,9362,0,0,0,0,0,0,3050,2467,2467,2800,351540000,1280981000,50,3,12,4200,5,10,15,20,5000,100725,2467,12,0,0,50,50,0,0
33:42.7,SIM,69555,0x0000,412,10,72,9866,0,0,0,0,0,0,3050,2467,2467,2800,351540000,1280981000,50,3,12,4200,5,10,15,20,5000,100725,2467,12,0,0,50,50,0,0
33:43.4,SIM,70216,0x0000,404,-42,-85,9446,0,0,0,0,0,0,3050,2467,2467,2800,351540000,1280981000,50,3,12,4200,5,10,15,20,5000,100725,2467,12,0,0,50,50,0,0
33:44.0,SIM,70856,0x0000,405,-92,81,9697,0,0,0,0,0,0,3050,2467,2467,2800,351540000,1280981000,50,3,12,4200,5,10,15,20,5000,100725,2467,12,0,0,50,50,0,0
33:44.7,SIM,71487,0x0000,396,28,38,9353,0,0,0,0,0,0,3050,2467,2467,2800,351540000,1280981000,50,3,12,4200,5,10,15,20,5000,100725,2467,12,0,0,50,50,0,0
33:45.3,SIM,72118,0x0000,412,-6,8,10283,0,0,0,0,0,0,3050,2467,2467,2800,351540000,1280981000,50,3,12,4200,5,10,15,20,5000,100725,2467,12,0,0,50,50,0,0
33:45.9,SIM,72745,0x0000,399,34,-5,10087,0,0,0,0,0,0,3050,2467,2467,2800,351540000,1280981000,50,3,12,4200,5,10,15,20,5000,100725,2467,12,0,0,50,50,0,0
33:46.6,SIM,73377,0x0000,404,-31,70,9979,0,0,0,0,0,0,3050,2467,2467,2800,351540000,1280981000,50,3,12,4200,5,10,15,20,5000,100725,2467,12,0,0,50,50,0,0
33:47.2,SIM,74002,0x0000,400,-22,99,10180,0,0,0,0,0,0,3050,2467,2467,2800,351540000,1280981000,50,3,12,4200,5,10,15,20,5000,100725,2467,12,0,0,50,50,0,0
33:47.8,SIM,74674,0x0000,401,66,35,9537,0,0,0,0,0,0,3050,2467,2467,2800,351540000,1280981000,50,3,12,4200,5,10,15,20,5000,100725,2467,12,0,0,50,50,0,0
33:48.5,SIM,75324,0x0000,415,95,36,10086,0,0,0,0,0,0,3050,2467,2467,2800,351540000,1280981000,50,3,12,4200,5,10,15,20,5000,100460,2467,12,0,0,50,50,0,0
33:49.1,SIM,75964,0x0000,404,-49,-53,9799,0,0,0,0,0,0,3050,2467,2467,2800,351540000,1280981000,50,3,12,4200,5,10,15,20,5000,98740,2467,12,0,0,50,50,0,0
33:49.7,SIM,76562,0x0000,410,-85,-69,9504,0,0,0,0,0,0,3050,2467,2467,2800,351540000,1280981000,50,3,12,4200,5,10,15,20,5000,101234,2467,12,0,0,50,50,0,0
33:50.3,SIM,77168,0x0000,408,-79,-85,9544,0,0,0,0,0,0,3050,2467,2467,2800,351540000,1280981000,50,3,12,4200,5,10,15,20,5000,98258,2467,12,0,0,50,50,0,0
33:50.9,SIM,77785,0x0000,403,-11,0,9351,0,0,0,0,0,0,3050,2467,2467,2800,351540000,1280981000,50,3,12,4200,5,10,15,20,5000,102555,2467,12,0,0,50,50,0,0
33:51.6,SIM,78459,0x0000,397,82,36,10010,0,0,0,0,0,0,3050,2467,2467,2800,351540000,1280981000,50,3,12,4200,5,10,15,20,5000,103008,2467,12,0,0,50,50,0,0
33:52.2,SIM,79071,0x0000,407,-75,89,9891,0,0,0,0,0,0,3050,2467,2467,2800,351540000,1280981000,50,3,12,4200,5,10,15,20,5000,100456,2467,12,0,0,50,50,0,0
33:52.8,SIM,79685,0x0000,396,56,82,10223,0,0,0,0,0,0,3050,2467,2467,2800,351540000,1280981000,50,3,12,4200,5,10,15,20,5000,100159,2467,12,0,0,50,50,0,0
33:53.5,SIM,80304,0x0000,400,-49,-2,9320,0,0,0,0,0,0,3050,2467,2467,2800,351540000,1280981000,50,3,12,4200,5,10,15,20,5000,98542,2467,12,0,0,50,50,0,0
33:54.1,SIM,80925,0x0000,409,-61,31,9814,0,0,0,0,0,0,3050,2467,2467,2800,351540000,1280981000,50,3,12,4200,5,10,15,20,5000,100977,2467,12,0,0,50,50,0,0
33:54.7,SIM,81557,0x0000,395,-24,-71,9825,0,0,0,0,0,0,3050,2467,2467,2800,351540000,1280981000,50,3,12,4200,5,10,15,20,5000,102761,2467,12,0,0,50,50,0,0
33:55.3,SIM,82174,0x0000,405,79,-62,10011,0,0,0,0,0,0,3050,2467,2467,2800,351540000,1280981000,50,3,12,4200,5,10,15,20,5000,101916,2467,12,0,0,50,50,0,0
33:56.0,SIM,82829,0x0000,398,-89,-97,9875,0,0,0,0,0,0,3050,2467,2467,2800,351540000,1280981000,50,3,12,4200,5,10,15,20,5000,100787,2467,12,0,0,50,50,0,0
33:56.6,SIM,83448,0x0000,396,83,9,9776,0,0,0,0,0,0,3050,2467,2467,2800,351540000,1280981000,50,3,12,4200,5,10,15,20,5000,101753,2467,12,0,0,50,50,0,0
33:57.2,SIM,84062,0x0000,400,-54,38,10228,0,0,0,0,0,0,3050,2467,2467,2800,351540000,1280981000,50,3,12,4200,5,10,15,20,5000,101811,2467,12,0,0,50,50,0,0
33:57.8,SIM,84676,0x0000,405,10,25,9304,0,0,0,0,0,0,3050,2467,2467,2800,351540000,1280981000,50,3,12,4200,5,10,15,20,5000,101350,2467,12,0,0,50,50,0,0
33:58.4,SIM,85268,0x0000,413,-79,55,9845,0,0,0,0,0,0,3050,2467,2467,2800,351540000,1280981000,50,3,12,4200,5,10,15,20,5000,100725,2467,12,0,0,50,50,0,0
33:59.0,SIM,85857,0x0000,407,14,-77,10062,0,0,0,0,0,0,3050,2467,2467,2800,351540000,1280981000,50,3,12,4200,5,10,15,20,5000,100725,2467,12,0,0,50,50,0,0
33:59.7,SIM,86513,0x0000,398,-11,84,10037,0,0,0,0,0,0,3050,2467,2467,2800,351540000,1280981000,50,3,12,4200,5,10,15,20,5000,100725,2467,12,0,0,50,50,0,0
34:00.3,SIM,87105,0x0000,397,81,-61,9704,0,0,0,0,0,0,3050,2467,2467,2800,351540000,1280981000,50,3,12,4200,5,10,15,20,5000,100725,2467,12,0,0,50,50,0,0
34:00.9,SIM,87711,0x0000,408,-45,-75,10279,0,0,0,0,0,0,3050,2467,2467,2800,351540000,1280981000,50,3,12,4200,5,10,15,20,5000,100725,2467,12,0,0,50,50,0,0
34:01.5,SIM,88325,0x0000,412,60,37,9422,0,0,0,0,0,0,3050,2467,2467,2800,351540000,1280981000,50,3,12,4200,5,10,15,20,5000,100725,2467,12,0,0,50,50,0,0
34:02.1,SIM,88935,0x0000,411,61,-99,9676,0,0,0,0,0,0,3050,2467,2467,2800,351540000,1280981000,50,3,12,4200,5,10,15,20,5000,100725,2467,12,0,0,50,50,0,0
34:02.7,SIM,89554,0x0000,405,79,86,10146,0,0,0,0,0,0,3050,2467,2467,2800,351540000,1280981000,50,3,12,4200,5,10,15,20,5000,100725,2467,12,0,0,50,50,0,0
34:03.3,SIM,90169,0x0000,402,-57,-11,9737,0,0,0,0,0,0,3050,2467,2467,2800,351540000,1280981000,50,3,12,4200,5,10,15,20,5000,100725,2467,12,0,0,50,50,0,0
34:04.0,SIM,90827,0x0000,408,29,27,9812,0,0,0,0,0,0,3050,2467,2467,2800,351540000,1280981000,50,3,12,4200,5,10,15,20,5000,100725,2467,12,0,0,50,50,0,0
34:04.6,SIM,91454,0x0000,396,-32,-11,10276,0,0,0,0,0,0,3050,2467,2467,2800,351540000,1280981000,50,3,12,4200,5,10,15,20,5000,100725,2467,12,0,0,50,50,0,0
34:05.2,SIM,92073,0x0000,396,3,-42,10098,0,0,0,0,0,0,3050,2467,2467,2800,351540000,1280981000,50,3,12,4200,5,10,15,20,5000,100725,2467,12,0,0,50,50,0,0
34:05.9,SIM,92690,0x0000,398,19,-10,9808,0,0,0,0,0,0,3050,2467,2467,2800,351540000,1280981000,50,3,12,4200,5,10,15,20,5000,100725,2467,12,0,0,50,50,0,0
34:06.5,SIM,93308,0x0000,411,-27,-8,9556,0,0,0,0,0,0,3050,2467,2467,2800,351540000,1280981000,50,3,12,4200,5,10,15,20,5000,100725,2467,12,0,0,50,50,0,0
34:07.1,SIM,93921,0x0000,412,-6,-13,10276,0,0,0,0,0,0,3050,2467,2467,2800,351540000,1280981000,50,3,12,4200,5,10,15,20,5000,100725,2467,12,0,0,50,50,0,0
34:07.8,SIM,94581,0x0000,411,-93,35,9398,0,0,0,0,0,0,3050,2467,2467,2800,351540000,1280981000,50,3,12,4200,5,10,15,20,5000,100725,2467,12,0,0,50,50,0,0
34:08.4,SIM,95231,0x0000,405,-91,68,18747,0,0,0,0,0,0,3050,2467,2467,2800,351540000,1280981000,50,3,12,4200,5,10,15,20,5000,100725,2467,12,0,0,50,50,0,0
34:09.0,SIM,95847,0x0000,408,87,15,18538,0,0,0,0,0,0,3050,2467,2467,2800,351540000,1280981000,50,3,12,4200,5,10,15,20,5000,100725,2467,12,0,0,50,50,0,0
34:09.6,SIM,96450,0x0000,412,3,42,17161,0,0,0,0,0,0,3050,2467,2467,2800,351540000,1280981000,50,3,12,4200,5,10,15,20,5000,100725,2467,12,0,0,50,50,0,0
34:10.2,SIM,97041,0x0000,405,43,-58,17283,0,0,0,0,0,0,3050,2467,2467,2800,351540000,1280981000,50,3,12,4200,5,10,15,20,5000,100725,2467,12,0,0,50,50,0,0
34:10.8,SIM,97657,0x0000,411,0,-89,17596,0,0,0,0,0,0,3050,2467,2467,2800,351540000,1280981000,50,3,12,4200,5,10,15,20,5000,100725,2467,12,0,0,50,50,0,0
34:11.4,SIM,98282,0x0000,396,44,62,18524,0,0,0,0,0,0,3050,2467,2467,2800,351540000,1280981000,50,3,12,4200,5,10,15,20,5000,100725,2467,12,0,0,50,50,0,0
34:12.1,SIM,98944,0x0000,402,64,-11,17776,0,0,0,0,0,0,3050,2467,2467,2800,351540000,1280981000,50,3,12,4200,5,10,15,20,5000,100725,2467,12,0,0,50,50,0,0
34:12.8,SIM,99661,0x0000,411,77,46,18957,0,0,0,0,0,0,3050,2467,2467,2800,351540000,1280981000,50,3,12,4200,5,10,15,20,5000,100725,2467,12,0,0,50,50,0,0
34:13.4,SIM,100275,0x0000,400,-28,14,18487,0,0,0,0,0,0,3050,2467,2467,2800,351540000,1280981000,50,3,12,4200,5,10,15,20,5000,100725,2467,12,0,0,50,50,0,0
34:14.1,SIM,100897,0x0000,400,66,2,18554,0,0,0,0,0,0,3050,2467,2467,2800,351540000,1280981000,50,3,12,4200,5,10,15,20,5000,100725,2467,12,0,0,50,50,0,0
34:14.7,SIM,101518,0x0000,401,-87,-20,18949,0,0,0,0,0,0,3050,2467,2467,2800,351540000,1280981000,50,3,12,4200,5,10,15,20,5000,100725,2467,12,0,0,50,50,0,0
34:15.3,SIM,102142,0x0000,399,52,80,18736,0,0,0,0,0,0,3050,2467,2467,2800,351540000,1280981000,50,3,12,4200,5,10,15,20,5000,100725,2467,12,0,0,50,50,0,0
34:16.0,SIM,102799,0x0000,407,-57,-31,17769,0,0,0,0,0,0,3050,2467,2467,2800,351540000,1280981000,50,3,12,4200,5,10,15,20,5000,100725,2467,12,0,0,50,50,0,0
34:16.6,SIM,103425,0x0000,412,-63,-59,18246,0,0,0,0,0,0,3050,2467,2467,2800,351540000,1280981000,50,3,12,4200,5,10,15,20,5000,100725,2467,12,0,0,50,50,0,0
34:17.2,SIM,104040,0x0000,407,-86,60,18596,0,0,0,0,0,0,3050,2467,2467,2800,351540000,1280981000,50,3,12,4200,5,10,15,20,5000,100725,2467,12,0,0,50,50,0,0
34:17.8,SIM,104665,0x0000,409,46,38,17787,0,0,0,0,0,0,3050,2467,2467,2800,351540000,1280981000,50,3,12,4200,5,10,15,20,5000,100725,2467,12,0,0,50,50,0,0
34:18.4,SIM,105256,0x0000,403,47,-23,9537,0,0,0,0,0,0,3050,2467,2467,2800,351540000,1280981000,50,3,12,4200,5,10,15,20,5000,100725,2467,12,0,0,50,50,0,0
34:19.0,SIM,105852,0x0000,395,-10,-9,9765,0,0,0,0,0,0,3050,2467,2467,2800,351540000,1280981000,50,3,12,4200,5,10,15,20,5000,100725,2467,12,0,0,50,50,0,0
34:19.6,SIM,106449,0x0000,404,-63,-79,9368,0,0,0,0,0,0,3050,2467,2467,2800,351540000,1280981000,50,3,12,4200,5,10,15,20,5000,100725,2467,12,0,0,50,50,0,0
34:20.3,SIM,107112,0x0000,399,-65,-83,10052,0,0,0,0,0,0,3050,2467,2467,2800,351540000,1280981000,50,3,12,4200,5,10,15,20,5000,100725,2467,12,0,0,50,50,0,0
34:21.0,SIM,107808,0x0000,402,-4,-99,10247,0,0,0,0,0,0,3050,2467,2467,2800,351540000,1280981000,50,3,12,4200,5,10,15,20,5000,100725,2467,12,0,0,50,50,0,0
34:21.6,SIM,108439,0x0000,399,-49,-27,9384,0,0,0,0,0,0,3050,2467,2467,2800,351540000,1280981000,50,3,12,4200,5,10,15,20,5000,100725,2467,12,0,0,50,50,0,0
34:22.2,SIM,109045,0x0000,400,21,4,9864,0,0,0,0,0,0,3050,2467,2467,2800,351540000,1280981000,50,3,12,4200,5,10,15,20,5000,100725,2467,12,0,0,50,50,0,0
34:22.8,SIM,109662,0x0000,396,-75,-74,9484,0,0,0,0,0,0,3050,2467,2467,2800,351540000,1280981000,50,3,12,4200,5,10,15,20,5000,100725,2467,12,0,0,50,50,0,0
34:23.5,SIM,110281,0x0000,414,17,-42,9578,0,0,0,0,0,0,3050,2467,2467,2800,351540000,1280981000,50,3,12,4200,5,10,15,20,5000,100725,2467,12,0,0,50,50,0,0
34:24.1,SIM,110898,0x0000,407,-4,-3,9452,0,0,0,0,0,0,3050,2467,2467,2800,351540000,1280981000,50,3,12,4200,5,10,15,20,5000,100725,2467,12,0,0,50,50,0,0
34:24.7,SIM,111551,0x0000,413,-35,96,10074,0,0,0,0,0,0,3050,2467,2467,2800,351540000,1280981000,50,3,12,4200,5,10,15,20,5000,100725,2467,12,0,0,50,50,0,0
34:25.4,SIM,112181,0x0000,401,4,-38,9313,0,0,0,0,0,0,3050,2467,2467,2800,351540000,1280981000,50,3,12,4200,5,10,15,20,5000,100725,2467,12,0,0,50,50,0,0
34:26.0,SIM,112792,0x0000,403,35,95,9959,0,0,0,0,0,0,3050,2467,2467,2800,351540000,1280981000,50,3,12,4200,5,10,15,20,5000,100725,2467,12,0,0,50,50,0,0
34:26.6,SIM,113418,0x0000,406,-71,-3,9361,0,0,0,0,0,0,3050,2467,2467,2800,351540000,1280981000,50,3,12,4200,5,10,15,20,5000,100725,2467,12,0,0,50,50,0,0
34:27.2,SIM,114044,0x0000,412,86,56,9604,0,0,0,0,0,0,3050,2467,2467,2800,351540000,1280981000,50,3,12,4200,5,10,15,20,5000,100725,2467,12,0,0,50,50,0,0
34:27.8,SIM,114662,0x0000,404,71,79,9361,0,0,0,0,0,0,3050,2467,2467,2800,351540000,1280981000,50,3,12,4200,5,10,15,20,5000,100725,2467,12,0,0,50,50,0,0
34:28.5,SIM,115341,0x0000,399,-7,-56,10250,0,0,0,0,0,0,3050,2467,2467,2800,351540000,1280981000,50,3,12,4200,5,10,15,20,5000,100725,2467,12,0,0,50,50,0,0
34:29.1,SIM,115989,0x0000,399,84,58,10250,0,0,0,0,0,0,3050,2467,2467,2800,351540000,1280981000,50,3,12,4200,5,10,15,20,5000,100725,2467,12,0,0,50,50,0,0
34:29.7,SIM,116577,0x0000,398,41,76,10250,0,0,0,0,0,0,3050,2467,2467,2800,351540000,1280981000,50,3,12,4200,5,10,15,20,5000,100725,2467,12,0,0,50,50,0,0
34:30.3,SIM,117190,0x0000,405,-35,74,10250,0,0,0,0,0,0,3050,2467,2467,2800,351540000,1280981000,50,3,12,4200,5,10,15,20,5000,100725,2467,12,0,0,50,50,0,0
34:31.0,SIM,117803,0x0000,396,90,91,10250,0,0,0,0,0,0,3050,2467,2467,2800,351540000,1280981000,50,3,12,4200,5,10,15,20,5000,100725,2467,12,0,0,50,50,0,0
34:31.6,SIM,118416,0x0000,411,-12,-99,10250,0,0,0,0,0,0,3050,2467,2467,2800,351540000,1280981000,50,3,12,4200,5,10,15,20,5000,100725,2467,12,0,0,50,50,0,0
34:32.2,SIM,119031,0x0000,399,90,-20,10250,0,0,0,0,0,0,3050,2467,2467,2800,351540000,1280981000,50,3,12,4200,5,10,15,20,5000,100725,2467,12,0,0,50,50,0,0
34:32.8,SIM,119688,0x0000,406,-32,52,10250,0,0,0,0,0,0,3050,2467,2467,2800,351540000,1280981000,50,3,12,4200,5,10,15,20,5000,100725,2467,12,0,0,50,50,0,0
34:33.5,SIM,120305,0x0000,398,77,55,10250,0,0,0,0,0,0,3050,2467,2467,2800,351540000,1280981000,50,3,12,4200,5,10,15,20,5000,100725,2467,12,0,0,50,50,0,0
34:34.1,SIM,120921,0x0000,413,-84,2,10250,0,0,0,0,0,0,3050,2467,2467,2800,351540000,1280981000,50,3,12,4200,5,10,15,20,5000,100725,2467,12,0,0,50,50,0,0
34:34.7,SIM,121528,0x0000,400,-38,-74,10250,0,0,0,0,0,0,3050,2467,2467,2800,351540000,1280981000,50,3,12,4200,5,10,15,20,5000,100725,2467,12,0,0,50,50,0,0
34:35.3,SIM,122164,0x0000,415,13,-86,10250,0,0,0,0,0,0,3050,2467,2467,2800,351540000,1280981000,50,3,12,4200,5,10,15,20,5000,100725,2467,12,0,0,50,50,0,0
34:35.9,SIM,122784,0x0000,413,25,-98,10250,0,0,0,0,0,0,3050,2467,2467,2800,351540000,1280981000,50,3,12,4200,5,10,15,20,5000,100725,2467,12,0,0,50,50,0,0
34:36.6,SIM,123449,0x0000,415,71,16,10250,0,0,0,0,0,0,3050,2467,2467,2800,351540000,1280981000,50,3,12,4200,5,10,15,20,5000,100725,2467,12,0,0,50,50,0,0
34:37.2,SIM,124067,0x0000,411,78,-92,10250,0,0,0,0,0,0,3050,2467,2467,2800,351540000,1280981000,50,3,12,4200,5,10,15,20,5000,100725,2467,12,0,0,50,50,0,0
34:37.8,SIM,124682,0x0000,400,-50,-65,10250,0,0,0,0,0,0,3050,2467,2467,2800,351540000,1280981000,50,3,12,4200,5,10,15,20,5000,100725,2467,12,0,0,50,50,0,0
34:38.5,SIM,125280,0x0000,408,11,13,9893,0,0,0,0,0,0,3050,2467,2467,2800,351540000,1280981000,50,3,12,4200,5,10,15,20,5000,100725,2467,12,0,0,50,50,0,0
34:39.1,SIM,125876,0x0000,397,29,-43,9792,0,0,0,0,0,0,3050,2467,2467,2800,351540000,1280981000,50,3,12,4200,5,10,15,20,5000,100725,2467,12,0,0,50,50,0,0
34:39.6,SIM,126470,0x0000,409,42,-56,9858,0,0,0,0,0,0,3050,2467,2467,2800,351540000,1280981000,50,3,12,4200,5,10,15,20,5000,100725,2467,12,0,0,50,50,0,0
34:40.3,SIM,127079,0x0000,410,83,-99,9760,0,0,0,0,0,0,3050,2467,2467,2800,351540000,1280981000,50,3,12,4200,5,10,15,20,5000,100725,2467,12,0,0,50,50,0,0
34:40.9,SIM,127735,0x0000,411,4,-90,10291,0,0,0,0,0,0,3050,2467,2467,2800,351540000,1280981000,50,3,12,4200,5,10,15,20,5000,100725,2467,12,0,0,50,50,0,0
34:41.5,SIM,128349,0x0000,396,-85,12,9701,0,0,0,0,0,0,3050,2467,2467,2800,351540000,1280981000,50,3,12,4200,5,10,15,20,5000,100725,2467,12,0,0,50,50,0,0
34:42.1,SIM,128961,0x0000,399,-51,-17,10102,0,0,0,0,0,0,3050,2467,2467,2800,351540000,1280981000,50,3,12,4200,5,10,15,20,5000,100725,2467,12,0,0,50,50,0,0
34:42.8,SIM,129578,0x0000,402,14,-61,10116,0,0,0,0,0,0,3050,2467,2467,2800,351540000,1280981000,50,3,12,4200,5,10,15,20,5000,100725,2467,12,0,0,50,50,0,0
34:43.4,SIM,130191,0x0000,399,88,-87,9759,0,0,0,0,0,0,3050,2467,2467,2800,351540000,1280981000,50,3,12,4200,5,10,15,20,5000,100725,2467,12,0,0,50,50,0,0
34:44.0,SIM,130812,0x0000,402,-80,-41,9976,0,0,0,0,0,0,3050,2467,2467,2800,351540000,1280981000,50,3,12,4200,5,10,15,20,5000,100725,2467,12,0,0,50,50,0,0
34:44.7,SIM,131476,0x0000,412,46,49,9542,0,0,0,0,0,0,3050,2467,2467,2800,351540000,1280981000,50,3,12,4200,5,10,15,20,5000,100725,2467,12,0,0,50,50,0,0
34:45.3,SIM,132092,0x0000,396,93,22,9803,0,0,0,0,0,0,3050,2467,2467,2800,351540000,1280981000,50,3,12,4200,5,10,15,20,5000,100725,2467,12,0,0,50,50,0,0
34:45.9,SIM,132717,0x0000,407,94,18,9981,0,0,0,0,0,0,3050,2467,2467,2800,351540000,1280981000,50,3,12,4200,5,10,15,20,5000,100725,2467,12,0,0,50,50,0,0
34:46.5,SIM,133339,0x0000,411,84,59,9559,0,0,0,0,0,0,3050,2467,2467,2800,351540000,1280981000,50,3,12,4200,5,10,15,20,5000,100725,2467,12,0,0,50,50,0,0
34:47.1,SIM,133953,0x0000,404,71,-51,9930,0,0,0,0,0,0,3050,2467,2467,2800,351540000,1280981000,50,3,12,4200,5,10,15,20,5000,100725,2467,12,0,0,50,50,0,0
34:47.7,SIM,134575,0x0000,398,42,66,9770,0,0,0,0,0,0,3050,2467,2467,2800,351540000,1280981000,50,3,12,4200,5,10,15,20,5000,100725,2467,12,0,0,50,50,0,0
34:48.4,SIM,135196,0x0000,396,76,-23,9302,0,0,0,0,0,0,3050,2467,2467,2800,351540000,1280981000,50,3,12,4200,5,10,15,20,5000,100725,2467,12,0,0,50,50,0,0
34:49.0,SIM,135858,0x0000,411,-62,-26,8760,0,0,0,0,0,0,3050,2467,2467,2800,351540000,1280981000,50,3,12,4200,5,10,15,20,5000,100725,2467,12,0,0,50,50,0,0
34:49.6,SIM,136453,0x0000,404,-7,85,6187,0,0,0,0,0,0,3050,2467,2467,2800,351540000,1280981000,50,3,12,4200,5,10,15,20,5000,100725,2467,12,0,0,50,50,0,0
34:50.2,SIM,137049,0x0000,406,-7,-18,12083,0,0,0,0,0,0,3050,2467,2467,2800,351540000,1280981000,50,3,12,4200,5,10,15,20,5000,100725,2467,12,0,0,50,50,0,0
34:50.9,SIM,137703,0x0000,411,55,-9,14286,0,0,0,0,0,0,3050,2467,2467,2800,351540000,1280981000,50,3,12,4200,5,10,15,20,5000,100725,2467,12,0,0,50,50,0,0
34:51.5,SIM,138321,0x0000,401,0,26,14931,0,0,0,0,0,0,3050,2467,2467,2800,351540000,1280981000,50,3,12,4200,5,10,15,20,5000,100725,2467,12,0,0,50,50,0,0
34:52.1,SIM,138935,0x0000,402,-40,-33,12530,0,0,0,0,0,0,3050,2467,2467,2800,351540000,1280981000,50,3,12,4200,5,10,15,20,5000,100725,2467,12,0,0,50,50,0,0
34:52.7,SIM,139551,0x0000,402,-8,-86,12597,0,0,0,0,0,0,3050,2467,2467,2800,351540000,1280981000,50,3,12,4200,5,10,15,20,5000,100725,2467,12,0,0,50,50,0,0
34:53.4,SIM,140222,0x0000,415,94,10,7623,0,0,0,0,0,0,3050,2467,2467,2800,351540000,1280981000,50,3,12,4200,5,10,15,20,5000,100725,2467,12,0,0,50,50,0,0
34:54.0,SIM,140853,0x0000,396,-71,-24,5616,0,0,0,0,0,0,3050,2467,2467,2800,351540000,1280981000,50,3,12,4200,5,10,15,20,5000,100725,2467,12,0,0,50,50,0,0
34:54.6,SIM,141475,0x0000,405,73,18,8384,0,0,0,0,0,0,3050,2467,2467,2800,351540000,1280981000,50,3,12,4200,5,10,15,20,5000,100725,2467,12,0,0,50,50,0,0
34:55.3,SIM,142102,0x0000,410,56,-72,15725,0,0,0,0,0,0,3050,2467,2467,2800,351540000,1280981000,50,3,12,4200,5,10,15,20,5000,100725,2467,12,0,0,50,50,0,0
34:55.9,SIM,142736,0x0000,396,52,57,15471,0,0,0,0,0,0,3050,2467,2467,2800,351540000,1280981000,50,3,12,4200,5,10,15,20,5000,100725,2467,12,0,0,50,50,0,0
34:56.5,SIM,143374,0x0000,400,-81,-17,4750,0,0,0,0,0,0,3050,2467,2467,2800,351540000,1280981000,50,3,12,4200,5,10,15,20,5000,100725,2467,12,0,0,50,50,0,0
34:57.2,SIM,144045,0x0000,409,-85,94,8890,0,0,0,0,0,0,3050,2467,2467,2800,351540000,1280981000,50,3,12,4200,5,10,15,20,5000,100725,2467,12,0,0,50,50,0,0
34:57.8,SIM,144656,0x0000,415,67,-29,12384,0,0,0,0,0,0,3050,2467,2467,2800,351540000,1280981000,50,3,12,4200,5,10,15,20,5000,100725,2467,12,0,0,50,50,0,0
34:58.4,SIM,145281,0x0000,398,-13,90,7093,0,0,0,0,0,0,3050,2467,2467,2800,351540000,1280981000,50,3,12,4200,5,10,15,20,5000,100725,2467,12,0,0,50,50,0,0
34:59.0,SIM,145866,0x0000,410,13,62,9365,0,0,0,0,0,0,3050,2467,2467,2800,351540000,1280981000,50,3,12,4200,5,10,15,20,5000,100725,2467,12,0,0,50,50,0,0
34:59.7,SIM,146481,0x0000,404,7,91,9937,0,0,0,0,0,0,3050,2467,2467,2800,351540000,1280981000,50,3,12,4200,5,10,15,20,5000,100725,2467,12,0,0,50,50,0,0
35:00.3,SIM,147086,0x0000,396,54,91,9615,0,0,0,0,0,0,3050,2467,2467,2800,351540000,1280981000,50,3,12,4200,5,10,15,20,5000,100725,2467,12,0,0,50,50,0,0
35:00.9,SIM,147728,0x0000,398,-35,21,9383,0,0,0,0,0,0,3050,2467,2467,2800,351540000,1280981000,50,3,12,4200,5,10,15,20,5000,100725,2467,12,0,0,50,50,0,0
35:01.6,SIM,148404,0x0000,396,41,34,9895,0,0,0,0,0,0,3050,2467,2467,2800,351540000,1280981000,50,3,12,4200,5,10,15,20,5000,100725,2467,12,0,0,50,50,0,0
35:02.2,SIM,149034,0x0000,405,13,77,9980,0,0,0,0,0,0,3050,2467,2467,2800,351540000,1280981000,50,3,12,4200,5,10,15,20,5000,100725,2467,12,0,0,50,50,0,0
35:02.8,SIM,149669,0x0000,395,-91,23,9741,0,0,0,0,0,0,3050,2467,2467,2800,351540000,1280981000,50,3,12,4200,5,10,15,20,5000,100725,2467,12,0,0,50,50,0,0
35:03.5,SIM,150296,0x0000,397,-55,29,9396,0,0,0,0,0,0,3050,2467,2467,2800,351540000,1280981000,50,3,12,4200,5,10,15,20,5000,100725,2467,12,0,0,50,50,0,0
35:04.1,SIM,150942,0x0000,407,-71,-51,10231,0,0,0,0,0,0,3050,2467,2467,2800,351540000,1280981000,50,3,12,4200,5,10,15,20,5000,100725,2467,12,0,0,50,50,0,0
35:04.7,SIM,151570,0x0000,414,41,-21,9942,0,0,0,0,0,0,3050,2467,2467,2800,351540000,1280981000,50,3,12,4200,5,10,15,20,5000,100725,2467,12,0,0,50,50,0,0
35:05.4,SIM,152244,0x0000,409,-43,-53,10189,0,0,0,0,0,0,3050,2467,2467,2800,351540000,1280981000,50,3,12,4200,5,10,15,20,5000,100725,2467,12,0,0,50,50,0,0
35:06.1,SIM,152883,0x0000,400,-6,98,9930,0,0,0,0,0,0,3050,2467,2467,2800,351540000,1280981000,50,3,12,4200,5,10,15,20,5000,100725,2467,12,0,0,50,50,0,0
35:06.7,SIM,153514,0x0000,411,-76,-35,10054,0,0,0,0,0,0,3050,2467,2467,2800,351540000,1280981000,50,3,12,4200,5,10,15,20,5000,100725,2467,12,0,0,50,50,0,0
35:07.4,SIM,154179,0x0000,399,18,-1,9585,0,0,0,0,0,0,3050,2467,2467,2800,351540000,1280981000,50,3,12,4200,5,10,15,20,5000,100725,2467,12,0,0,50,50,0,0
35:08.0,SIM,154815,0x0000,403,18,-53,9778,0,0,0,0,0,0,3050,2467,2467,2800,351540000,1280981000,50,3,12,4200,5,10,15,20,5000,100725,2467,12,0,0,50,50,0,0
35:08.6,SIM,155464,0x0000,409,81,80,10257,0,0,0,0,0,0,6500,6000,6000,2800,351540000,1280981000,50,3,12,4200,5,10,15,20,5000,100725,6000,12,0,0,50,50,0,0
35:09.2,SIM,156069,0x0000,413,-20,0,10039,0,0,0,0,0,0,6500,6000,6000,2800,351540000,1280981000,50,3,12,4200,5,10,15,20,5000,100725,6000,12,0,0,50,50,0,0
35:09.9,SIM,156719,0x0000,407,13,-76,9437,0,0,0,0,0,0,6500,6000,6000,2800,351540000,1280981000,50,3,12,4200,5,10,15,20,5000,100725,6000,12,0,0,50,50,0,0
35:10.5,SIM,157325,0x0000,411,-6,85,9350,0,0,0,0,0,0,6500,6000,6000,2800,351540000,1280981000,50,3,12,4200,5,10,15,20,5000,100725,6000,12,0,0,50,50,0,0
35:11.1,SIM,157965,0x0000,404,81,-83,9525,0,0,0,0,0,0,6500,6000,6000,2800,351540000,1280981000,50,3,12,4200,5,10,15,20,5000,100725,6000,12,0,0,50,50,0,0
35:11.7,SIM,158593,0x0000,409,75,30,9475,0,0,0,0,0,0,6500,6000,6000,2800,351540000,1280981000,50,3,12,4200,5,10,15,20,5000,100725,6000,12,0,0,50,50,0,0
35:12.4,SIM,159218,0x0000,395,76,28,9538,0,0,0,0,0,0,6500,6000,6000,2800,351540000,1280981000,50,3,12,4200,5,10,15,20,5000,100725,6000,12,0,0,50,50,0,0
35:13.0,SIM,159849,0x0000,411,-49,-61,10016,0,0,0,0,0,0,6500,6000,6000,2800,351540000,1280981000,50,3,12,4200,5,10,15,20,5000,100725,6000,12,0,0,50,50,0,0
35:13.7,SIM,160522,0x0000,403,-98,-42,10282,0,0,0,0,0,0,6500,6000,6000,2800,351540000,1280981000,50,3,12,4200,5,10,15,20,5000,100725,6000,12,0,0,50,50,0,0
35:14.3,SIM,161154,0x0000,400,17,12,10040,0,0,0,0,0,0,6500,6000,6000,2800,351540000,1280981000,50,3,12,4200,5,10,15,20,5000,100725,6000,12,0,0,50,50,0,0
35:14.9,SIM,161776,0x0000,403,-64,21,9413,0,0,0,0,0,0,6500,6000,6000,2800,351540000,1280981000,50,3,12,4200,5,10,15,20,5000,100725,6000,12,0,0,50,50,0,0
35:15.6,SIM,162407,0x0000,401,74,-95,9694,0,0,0,0,0,0,6500,6000,6000,2800,351540000,1280981000,50,3,12,4200,5,10,15,20,5000,100725,6000,12,0,0,50,50,0,0
35:16.3,SIM,163112,0x0000,402,-42,8,9653,0,0,0,0,0,0,6500,6000,6000,2800,351540000,1280981000,50,3,12,4200,5,10,15,20,5000,100725,6000,12,0,0,50,50,0,0
35:16.9,SIM,163759,0x0000,405,61,-15,9691,0,0,0,0,0,0,6500,6000,6000,2800,351540000,1280981000,50,3,12,4200,5,10,15,20,5000,100725,6000,12,0,0,50,50,0,0
35:17.5,SIM,164393,0x0000,407,2,-65,9473,0,0,0,0,0,0,6500,6000,6000,2800,351540000,1280981000,50,3,12,4200,5,10,15,20,5000,100725,6000,12,0,0,50,50,0,0
35:18.2,SIM,165066,0x0000,404,99,-34,9364,0,0,0,0,0,0,6500,6000,6000,2800,351540000,1280981000,50,3,12,4200,5,10,15,20,5000,100725,6000,12,0,0,50,50,0,0
35:18.8,SIM,165669,0x0000,402,-23,32,9998,0,0,0,0,0,0,3050,2467,2467,2800,351540000,1280981000,50,3,12,4200,5,10,15,20,5000,100725,2467,12,0,0,50,50,0,0
35:19.4,SIM,166273,0x0000,408,0,-86,9866,0,0,0,0,0,0,3050,2467,2467,2800,351540000,1280981000,50,3,12,4200,5,10,15,20,5000,100725,2467,12,0,0,50,50,0,0
35:20.0,SIM,166874,0x0000,412,-5,-12,10217,0,0,0,0,0,0,3050,2467,2467,2800,351540000,1280981000,50,3,12,4200,5,10,15,20,5000,100725,2467,12,0,0,50,50,0,0
35:20.7,SIM,167506,0x0000,398,-98,-66,9352,0,0,0,0,0,0,3050,2467,2467,2800,351540000,1280981000,50,3,12,4200,5,10,15,20,5000,100725,2467,12,0,0,50,50,0,0
35:21.3,SIM,168144,0x0000,408,53,-55,9340,0,0,0,0,0,0,3050,2467,2467,2800,351540000,1280981000,50,3,12,4200,5,10,15,20,5000,100725,2467,12,0,0,50,50,0,0
35:22.0,SIM,168817,0x0000,412,36,-32,10100,0,0,0,0,0,0,3050,2467,2467,2800,351540000,1280981000,50,3,12,4200,5,10,15,20,5000,100725,2467,12,0,0,50,50,0,0
35:22.6,SIM,169437,0x0000,405,53,75,9612,0,0,0,0,0,0,3050,2467,2467,2800,351540000,1280981000,50,3,12,4200,5,10,15,20,5000,100725,2467,12,0,0,50,50,0,0
35:23.2,SIM,170067,0x0000,395,-65,-35,9736,0,0,0,0,0,0,3050,2467,2467,2800,351540000,1280981000,50,3,12,4200,5,10,15,20,5000,100725,2467,12,0,0,50,50,0,0
35:23.9,SIM,170694,0x0000,400,77,84,10273,0,0,0,0,0,0,3050,2467,2467,2800,351540000,1280981000,50,3,12,4200,5,10,15,20,5000,100725,2467,12,0,0,50,50,0,0
35:24.5,SIM,171324,0x0000,409,-91,67,10148,0,0,0,0,0,0,3050,2467,2467,2800,351540000,1280981000,50,3,12,4200,5,10,15,20,5000,100725,2467,12,0,0,50,50,0,0
35:25.1,SIM,171947,0x0000,410,-96,-76,9626,0,0,0,0,0,0,3050,2467,2467,2800,351540000,1280981000,50,3,12,4200,5,10,15,20,5000,100725,2467,12,0,0,50,50,0,0
35:25.8,SIM,172579,0x0000,402,5,-22,10254,0,0,0,0,0,0,3050,2467,2467,2800,351540000,1280981000,50,3,12,4200,5,10,15,20,5000,100725,2467,12,0,0,50,50,0,0
35:26.5,SIM,173321,0x0000,410,-38,-28,9545,0,0,0,0,0,0,3050,2467,2467,2800,351540000,1280981000,50,3,12,4200,5,10,15,20,5000,100725,2467,12,0,0,50,50,0,0
35:27.1,SIM,173950,0x0000,409,-86,30,9726,0,0,0,0,0,0,3050,2467,2467,2800,351540000,1280981000,50,3,12,4200,5,10,15,20,5000,100725,2467,12,0,0,50,50,0,0
35:27.8,SIM,174627,0x0000,399,-66,82,9766,0,0,0,0,0,0,3050,2467,2467,2800,351540000,1280981000,50,3,12,4200,5,10,15,20,5000,100725,2467,12,0,0,50,50,0,0
35:28.4,SIM,175262,0x0000,413,-59,43,9711,0,0,0,0,0,0,3050,2467,2467,2800,351540000,1280981000,50,3,12,4200,5,10,15,20,5000,100725,2467,12,0,0,50,50,0,0
35:29.1,SIM,175908,0x0000,403,-75,22,9804,0,0,0,0,0,0,3050,-99900,-99900,2800,351540000,1280981000,50,3,12,4200,5,10,15,20,5000,100725,-99900,12,0,0,50,50,0,0
35:29.7,SIM,176517,0x0000,414,-86,66,9893,0,0,0,0,0,0,3050,-99900,-99900,2800,351540000,1280981000,50,3,12,4200,5,10,15,20,5000,100725,-99900,12,0,0,50,50,0,0
35:30.3,SIM,177164,0x0000,398,10,24,10140,0,0,0,0,0,0,3050,-99900,-99900,2800,351540000,1280981000,50,3,12,4200,5,10,15,20,5000,100725,-99900,12,0,0,50,50,0,0
35:30.9,SIM,177790,0x0000,405,-58,-38,9526,0,0,0,0,0,0,3050,-99900,-99900,2800,351540000,1280981000,50,3,12,4200,5,10,15,20,5000,100725,-99900,12,0,0,50,50,0,0
35:31.6,SIM,178436,0x0000,396,-76,-5,9728,0,0,0,0,0,0,3050,-99900,-99900,2800,351540000,1280981000,50,3,12,4200,5,10,15,20,5000,100725,-99900,12,0,0,50,50,0,0
35:32.2,SIM,179064,0x0000,395,24,42,9422,0,0,0,0,0,0,3050,-99900,-99900,2800,351540000,1280981000,50,3,12,4200,5,10,15,20,5000,100725,-99900,12,0,0,50,50,0,0
35:32.8,SIM,179690,0x0000,403,83,74,9472,0,0,0,0,0,0,3050,-99900,-99900,2800,351540000,1280981000,50,3,12,4200,5,10,15,20,5000,100725,-99900,12,0,0,50,50,0,0
35:33.5,SIM,180319,0x0000,407,-50,47,10062,0,0,0,0,0,0,3050,-99900,-99900,2800,351540000,1280981000,50,3,12,4200,5,10,15,20,5000,100725,-99900,12,0,0,50,50,0,0
35:34.1,SIM,180945,0x0000,402,-76,34,9562,0,0,0,0,0,0,3050,-99900,-99900,2800,351540000,1280981000,50,3,12,4200,5,10,15,20,5000,100725,-99900,12,0,0,50,50,0,0
35:34.8,SIM,181620,0x0000,397,-98,-63,9934,0,0,0,0,0,0,3050,-99900,-99900,2800,351540000,1280981000,50,3,12,4200,5,10,15,20,5000,100725,-99900,12,0,0,50,50,0,0
35:35.4,SIM,182246,0x0000,406,57,-13,10000,0,0,0,0,0,0,3050,-99900,-99900,2800,351540000,1280981000,50,3,12,4200,5,10,15,20,5000,100725,-99900,12,0,0,50,50,0,0
35:36.0,SIM,182885,0x0000,411,-28,52,9816,0,0,0,0,0,0,3050,-99900,-99900,2800,351540000,1280981000,50,3,12,4200,5,10,15,20,5000,100725,-99900,12,0,0,50,50,0,0
35:36.7,SIM,183526,0x0000,397,59,81,9772,0,0,0,0,0,0,3050,-99900,-99900,2800,351540000,1280981000,50,3,12,4200,5,10,15,20,5000,100725,-99900,12,0,0,50,50,0,0
35:37.3,SIM,184164,0x0000,414,-47,13,10130,0,0,0,0,0,0,3050,-99900,-99900,2800,351540000,1280981000,50,3,12,4200,5,10,15,20,5000,100725,-99900,12,0,0,50,50,0,0
35:37.9,SIM,184789,0x0000,399,-33,74,9856,0,0,0,0,0,0,3050,-99900,-99900,2800,351540000,1280981000,50,3,12,4200,5,10,15,20,5000,100725,-99900,12,0,0,50,50,0,0
35:38.6,SIM,185474,0x0000,414,-37,-55,9736,0,0,0,0,0,0,3050,-99900,-99900,2800,351540000,1280981000,50,3,12,4200,5,10,15,20,5000,100725,-99900,12,0,0,50,50,0,0
35:39.3,SIM,186126,0x0000,396,-38,-20,9676,0,0,0,0,0,0,3050,2467,2467,2800,351540000,1280981000,50,3,12,4200,5,10,15,20,5000,100725,2467,12,0,0,50,50,0,0
35:39.9,SIM,186733,0x0000,407,-65,-54,10134,0,0,0,0,0,0,3050,2467,2467,2800,351540000,1280981000,50,3,12,4200,5,10,15,20,5000,100725,2467,12,0,0,50,50,0,0
35:40.5,SIM,187337,0x0000,398,-13,-5,10125,0,0,0,0,0,0,3050,2467,2467,2800,351540000,1280981000,50,3,12,4200,5,10,15,20,5000,100725,2467,12,0,0,50,50,0,0
35:41.1,SIM,187972,0x0000,410,-54,-67,9750,0,0,0,0,0,0,3050,2467,2467,2800,351540000,1280981000,50,3,12,4200,5,10,15,20,5000,100725,2467,12,0,0,50,50,0,0
35:41.8,SIM,188613,0x0000,407,-94,67,9657,0,0,0,0,0,0,3050,2467,2467,2800,351540000,1280981000,50,3,12,4200,5,10,15,20,5000,100725,2467,12,0,0,50,50,0,0
35:42.4,SIM,189252,0x0000,399,-68,30,10160,0,0,0,0,0,0,3050,2467,2467,2800,351540000,1280981000,50,3,12,4200,5,10,15,20,5000,100725,2467,12,0,0,50,50,0,0
35:43.1,SIM,189922,0x0000,402,88,28,9532,0,0,0,0,0,0,3050,2467,2467,2800,351540000,1280981000,50,3,12,4200,5,10,15,20,5000,100725,2467,12,0,0,50,50,0,0
35:43.7,SIM,190551,0x0000,403,0,-53,9473,0,0,0,0,0,0,3050,2467,2467,2800,351540000,1280981000,50,3,12,4200,5,10,15,20,5000,100725,2467,12,0,0,50,50,0,0
35:44.4,SIM,191177,0x0000,414,35,82,10241,0,0,0,0,0,0,3050,2467,2467,2800,351540000,1280981000,50,3,12,4200,5,10,15,20,5000,100725,2467,12,0,0,50,50,0,0
35:45.0,SIM,191810,0x0000,399,54,96,10066,0,0,0,0,0,0,3050,2467,2467,2800,351540000,1280981000,50,3,12,4200,5,10,15,20,5000,100725,2467,12,0,0,50,50,0,0
35:45.6,SIM,192437,0x0000,401,47,59,9418,0,0,0,0,0,0,3050,2467,2467,2800,351540000,1280981000,50,3,12,4200,5,10,15,20,5000,100725,2467,12,0,0,50,50,0,0
35:46.2,SIM,193069,0x0000,407,-96,-86,10222,0,0,0,0,0,0,3050,2467,2467,2800,351540000,1280981000,50,3,12,4200,5,10,15,20,5000,100725,2467,12,0,0,50,50,0,0
35:46.9,SIM,193761,0x0000,404,53,73,9348,0,0,0,0,0,0,3050,2467,2467,2800,351540000,1280981000,50,3,12,4200,5,10,15,20,5000,100725,2467,12,0,0,50,50,0,0
35:47.6,SIM,194393,0x0000,411,-67,-50,9615,0,0,0,0,0,0,3050,2467,2467,2800,351540000,1280981000,50,3,12,4200,5,10,15,20,5000,100725,2467,12,0,0,50,50,0,0
35:48.2,SIM,195014,0x0000,401,-92,-82,9630,0,0,0,0,0,0,3050,2467,2467,2800,351540000,1280981000,50,3,12,4200,5,10,15,20,5000,100725,2467,12,0,0,50,50,0,0
35:48.8,SIM,195664,0x0000,2154,25,-30,10087,0,0,0,0,0,0,3050,2467,2467,2800,351540000,1280981000,50,3,12,4200,5,10,15,20,5000,100725,2467,12,0,0,50,50,0,0
35:49.4,SIM,196280,0x0000,2172,-34,-42,10197,0,0,0,0,0,0,3050,2467,2467,2800,351540000,1280981000,50,3,12,4200,5,10,15,20,5000,100725,2467,12,0,0,50,50,0,0
35:50.0,SIM,196878,0x0000,2196,88,-97,9735,0,0,0,0,0,0,3050,2467,2467,2800,351540000,1280981000,50,3,12,4200,5,10,15,20,5000,100725,2467,12,0,0,50,50,0,0
35:50.7,SIM,197505,0x0000,2213,-66,-80,9359,0,0,0,0,0,0,3050,2467,2467,2800,351540000,1280981000,50,3,12,4200,5,10,15,20,5000,100725,2467,12,0,0,50,50,0,0
35:51.4,SIM,198199,0x0000,2258,86,97,10147,0,0,0,0,0,0,3050,2467,2467,2800,351540000,1280981000,50,3,12,4200,5,10,15,20,5000,100725,2467,12,0,0,50,50,0,0
35:52.0,SIM,198836,0x0000,2199,22,-13,9562,0,0,0,0,0,0,3050,2467,2467,2800,351540000,1280981000,50,3,12,4200,5,10,15,20,5000,100725,2467,12,0,0,50,50,0,0
35:52.6,SIM,199464,0x0000,2225,-74,-75,9949,0,0,0,0,0,0,3050,2467,2467,2800,351540000,1280981000,50,3,12,4200,5,10,15,20,5000,100725,2467,12,0,0,50,50,0,0
35:53.2,SIM,200088,0x0000,2156,-39,-88,9302,0,0,0,0,0,0,3050,2467,2467,2800,351540000,1280981000,50,3,12,4200,5,10,15,20,5000,100725,2467,12,0,0,50,50,0,0
35:53.9,SIM,200719,0x0000,2187,89,90,10094,0,0,0,0,0,0,3050,2467,2467,2800,351540000,1280981000,50,3,12,4200,5,10,15,20,5000,100725,2467,12,0,0,50,50,0,0
35:54.5,SIM,201344,0x0000,2164,-22,51,9815,0,0,0,0,0,0,3050,2467,2467,2800,351540000,1280981000,50,3,12,4200,5,10,15,20,5000,100725,2467,12,0,0,50,50,0,0
35:55.1,SIM,201971,0x0000,2204,7,51,9802,0,0,0,0,0,0,3050,2467,2467,2800,351540000,1280981000,50,3,12,4200,5,10,15,20,5000,100725,2467,12,0,0,50,50,0,0
35:55.8,SIM,202638,0x0000,2214,44,73,9814,0,0,0,0,0,0,3050,2467,2467,2800,351540000,1280981000,50,3,12,4200,5,10,15,20,5000,100725,2467,12,0,0,50,50,0,0
35:56.4,SIM,203268,0x0000,2157,34,-46,9310,0,0,0,0,0,0,3050,2467,2467,2800,351540000,1280981000,50,3,12,4200,5,10,15,20,5000,100725,2467,12,0,0,50,50,0,0
35:57.1,SIM,203899,0x0000,2286,6,57,9487,0,0,0,0,0,0,3050,2467,2467,2800,351540000,1280981000,50,3,12,4200,5,10,15,20,5000,100725,2467,12,0,0,50,50,0,0
35:57.7,SIM,204523,0x0000,2207,-96,42,10204,0,0,0,0,0,0,3050,2467,2467,2800,351540000,1280981000,50,3,12,4200,5,10,15,20,5000,100725,2467,12,0,0,50,50,0,0
35:58.3,SIM,205142,0x0000,2183,-43,-67,9842,0,0,0,0,0,0,3050,2467,2467,2800,351540000,1280981000,50,3,12,4200,5,10,15,20,5000,100725,2467,12,0,0,50,50,0,0
35:58.9,SIM,205746,0x0000,399,67,-27,9570,0,0,0,0,0,0,3050,2467,2467,2800,351540000,1280981000,50,3,12,4200,5,10,15,20,5000,100725,2467,12,0,0,50,50,0,0
35:59.6,SIM,206414,0x0000,403,-61,82,10148,0,0,0,0,0,0,3050,2467,2467,2800,351540000,1280981000,50,3,12,4200,5,10,15,20,5000,100725,2467,12,0,0,50,50,0,0
36:00.2,SIM,207034,0x0000,395,97,-40,9815,0,0,0,0,0,0,3050,2467,2467,2800,351540000,1280981000,50,3,12,4200,5,10,15,20,5000,100725,2467,12,0,0,50,50,0,0
36:00.8,SIM,207655,0x0000,398,11,-20,9438,0,0,0,0,0,0,3050,2467,2467,2800,351540000,1280981000,50,3,12,4200,5,10,15,20,5000,100725,2467,12,0,0,50,50,0,0
36:01.5,SIM,208282,0x0000,401,77,-8,9959,0,0,0,0,0,0,3050,2467,2467,2800,351540000,1280981000,50,3,12,4200,5,10,15,20,5000,100725,2467,12,0,0,50,50,0,0
36:02.1,SIM,208911,0x0000,408,74,84,9516,0,0,0,0,0,0,3050,2467,2467,2800,351540000,1280981000,50,3,12,4200,5,10,15,20,5000,100725,2467,12,0,0,50,50,0,0
36:02.7,SIM,209556,0x0000,395,83,-99,9606,0,0,0,0,0,0,3050,2467,2467,2800,351540000,1280981000,50,3,12,4200,5,10,15,20,5000,100725,2467,12,0,0,50,50,0,0
36:03.4,SIM,210177,0x0000,414,11,-21,9848,0,0,0,0,0,0,3050,2467,2467,2800,351540000,1280981000,50,3,12,4200,5,10,15,20,5000,100725,2467,12,0,0,50,50,0,0
36:04.0,SIM,210848,0x0000,396,-67,-31,9939,0,0,0,0,0,0,3050,2467,2467,2800,351540000,1280981000,50,3,12,4200,5,10,15,20,5000,100725,2467,12,0,0,50,50,0,0
36:04.6,SIM,211472,0x0000,406,-54,29,10122,0,0,0,0,0,0,3050,2467,2467,2800,351540000,1280981000,50,3,12,4200,5,10,15,20,5000,100725,2467,12,0,0,50,50,0,0
36:05.3,SIM,212099,0x0000,412,28,34,9747,0,0,0,0,0,0,3050,2467,2467,2800,351540000,1280981000,50,3,12,4200,5,10,15,20,5000,100725,2467,12,0,0,50,50,0,0
36:06.0,SIM,212789,0x0000,403,51,-55,9366,0,0,0,0,0,0,3050,2467,2467,2800,351540000,1280981000,50,3,12,4200,5,10,15,20,5000,100725,2467,12,0,0,50,50,0,0
36:06.6,SIM,213408,0x0000,397,-12,-25,9339,0,0,0,0,0,0,3050,2467,2467,2800,351540000,1280981000,50,3,12,4200,5,10,15,20,5000,100725,2467,12,0,0,50,50,0,0
36:07.2,SIM,214029,0x0000,407,-13,70,9475,0,0,0,0,0,0,3050,2467,2467,2800,351540000,1280981000,50,3,12,4200,5,10,15,20,5000,100725,2467,12,0,0,50,50,0,0
36:07.9,SIM,214712,0x0000,401,93,-4,9588,0,0,0,0,0,0,3050,2467,2467,2800,351540000,1280981000,50,3,12,4200,5,10,15,20,5000,100725,2467,12,0,0,50,50,0,0
36:08.5,SIM,215339,0x0000,401,-73,16,10182,0,0,0,0,0,0,3050,2467,2467,2800,351540000,1280981000,50,3,12,4200,5,10,15,20,5000,100725,2467,12,0,0,50,50,0,0
36:09.1,SIM,215988,0x0000,398,20,-74,10077,0,0,0,0,0,0,3050,2467,2467,2800,351540000,1280981000,50,3,12,4200,5,10,15,20,5000,100725,2467,1203,0,0,50,50,0,0
36:09.8,SIM,216608,0x0000,410,63,43,10179,0,0,0,0,0,0,3050,2467,2467,2800,351540000,1280981000,50,3,12,4200,5,10,15,20,5000,100725,2467,1157,0,0,50,50,0,0
36:10.4,SIM,217210,0x0000,408,-69,89,9505,0,0,0,0,0,0,3050,2467,2467,2800,351540000,1280981000,50,3,12,4200,5,10,15,20,5000,100725,2467,1243,0,0,50,50,0,0
36:11.0,SIM,217834,0x0000,401,-67,33,10139,0,0,0,0,0,0,3050,2467,2467,2800,351540000,1280981000,50,3,12,4200,5,10,15,20,5000,100725,2467,1177,0,0,50,50,0,0
36:11.6,SIM,218464,0x0000,400,30,92,9442,0,0,0,0,0,0,3050,2467,2467,2800,351540000,1280981000,50,3,12,4200,5,10,15,20,5000,100725,2467,1189,0,0,50,50,0,0
36:12.3,SIM,219129,0x0000,409,66,-86,9547,0,0,0,0,0,0,3050,2467,2467,2800,351540000,1280981000,50,3,12,4200,5,10,15,20,5000,100725,2467,1227,0,0,50,50,0,0
36:12.9,SIM,219768,0x0000,414,-5,-97,10101,0,0,0,0,0,0,3050,2467,2467,2800,351540000,1280981000,50,3,12,4200,5,10,15,20,5000,100725,2467,1227,0,0,50,50,0,0
36:13.5,SIM,220394,0x0000,406,-28,-13,9844,0,0,0,0,0,0,3050,2467,2467,2800,351540000,1280981000,50,3,12,4200,5,10,15,20,5000,100725,2467,1248,0,0,50,50,0,0
36:14.2,SIM,221020,0x0000,401,-10,86,10111,0,0,0,0,0,0,3050,2467,2467,2800,351540000,1280981000,50,3,12,4200,5,10,15,20,5000,100725,2467,1194,0,0,50,50,0,0
36:14.8,SIM,221647,0x0000,407,0,-7,9499,0,0,0,0,0,0,3050,2467,2467,2800,351540000,1280981000,50,3,12,4200,5,10,15,20,5000,100725,2467,1178,0,0,50,50,0,0
36:15.5,SIM,222356,0x0000,398,-53,7,9545,0,0,0,0,0,0,3050,2467,2467,2800,351540000,1280981000,50,3,12,4200,5,10,15,20,5000,100725,2467,1166,0,0,50,50,0,0
36:16.1,SIM,222978,0x0000,405,-62,-32,10162,0,0,0,0,0,0,3050,2467,2467,2800,351540000,1280981000,50,3,12,4200,5,10,15,20,5000,100725,2467,1182,0,0,50,50,0,0
36:16.8,SIM,223639,0x0000,399,-61,55,9884,0,0,0,0,0,0,3050,2467,2467,2800,351540000,1280981000,50,3,12,4200,5,10,15,20,5000,100725,2467,1236,0,0,50,50,0,0
36:17.4,SIM,224262,0x0000,403,0,-1,9557,0,0,0,0,0,0,3050,2467,2467,2800,351540000,1280981000,50,3,12,4200,5,10,15,20,5000,100725,2467,1234,0,0,50,50,0,0
36:18.1,SIM,224902,0x0000,415,-27,-53,9338,0,0,0,0,0,0,3050,2467,2467,2800,351540000,1280981000,50,3,12,4200,5,10,15,20,5000,100725,2467,1245,0,0,50,50,0,0
36:18.7,SIM,225524,0x0000,411,-92,-55,10161,0,0,0,0,0,0,3050,2467,2467,2800,351540000,1280981000,50,3,12,4200,5,10,15,20,5000,100725,2467,1195,0,0,50,50,0,0
36:19.3,SIM,226131,0x0000,397,-36,24,10257,0,0,0,0,0,0,3050,2467,2467,2800,351540000,1280981000,50,3,12,4200,5,10,15,20,5000,100725,2467,12,0,0,50,50,0,0
36:19.9,SIM,226751,0x0000,404,27,-15,9443,0,0,0,0,0,0,3050,2467,2467,2800,351540000,1280981000,50,3,12,4200,5,10,15,20,5000,100725,2467,12,0,0,50,50,0,0
36:20.6,SIM,227402,0x0000,407,95,33,9546,0,0,0,0,0,0,3050,2467,2467,2800,351540000,1280981000,50,3,12,4200,5,10,15,20,5000,100725,2467,12,0,0,50,50,0,0
36:21.2,SIM,228030,0x0000,402,40,-72,9795,0,0,0,0,0,0,3050,2467,2467,2800,351540000,1280981000,50,3,12,4200,5,10,15,20,5000,100725,2467,12,0,0,50,50,0,0
36:21.8,SIM,228658,0x0000,409,-17,30,10039,0,0,0,0,0,0,3050,2467,2467,2800,351540000,1280981000,50,3,12,4200,5,10,15,20,5000,100725,2467,12,0,0,50,50,0,0
36:22.4,SIM,229274,0x0000,404,98,79,10122,0,0,0,0,0,0,3050,2467,2467,2800,351540000,1280981000,50,3,12,4200,5,10,15,20,5000,100725,2467,12,0,0,50,50,0,0
36:23.1,SIM,229913,0x0000,396,97,-16,9364,0,0,0,0,0,0,3050,2467,2467,2800,351540000,1280981000,50,3,12,4200,5,10,15,20,5000,100725,2467,12,0,0,50,50,0,0
36:23.7,SIM,230540,0x0000,414,-86,-30,10256,0,0,0,0,0,0,3050,2467,2467,2800,351540000,1280981000,50,3,12,4200,5,10,15,20,5000,100725,2467,12,0,0,50,50,0,0
36:24.3,SIM,231160,0x0000,409,85,-70,9327,0,0,0,0,0,0,3050,2467,2467,2800,351540000,1280981000,50,3,12,4200,5,10,15,20,5000,100725,2467,12,0,0,50,50,0,0
36:25.0,SIM,231823,0x0000,396,32,-87,9480,0,0,0,0,0,0,3050,2467,2467,2800,351540000,1280981000,50,3,12,4200,5,10,15,20,5000,100725,2467,12,0,0,50,50,0,0
36:25.6,SIM,232444,0x0000,411,71,-46,10118,0,0,0,0,0,0,3050,2467,2467,2800,351540000,1280981000,50,3,12,4200,5,10,15,20,5000,100725,2467,12,0,0,50,50,0,0
36:26.2,SIM,233065,0x0000,400,44,45,9881,0,0,0,0,0,0,3050,2467,2467,2800,351540000,1280981000,50,3,12,4200,5,10,15,20,5000,100725,2467,12,0,0,50,50,0,0
36:26.9,SIM,233689,0x0000,409,78,68,9921,0,0,0,0,0,0,3050,2467,2467,2800,351540000,1280981000,50,3,12,4200,5,10,15,20,5000,100725,2467,12,0,0,50,50,0,0
36:27.5,SIM,234310,0x0000,404,-55,-3,9821,0,0,0,0,0,0,3050,2467,2467,2800,351540000,1280981000,50,3,12,4200,5,10,15,20,5000,100725,2467,12,0,0,50,50,0,0
36:28.1,SIM,234952,0x0000,397,60,60,10185,0,0,0,0,0,0,3050,2467,2467,2800,351540000,1280981000,50,3,12,4200,5,10,15,20,5000,100725,2467,12,0,0,50,50,0,0
36:28.8,SIM,235617,0x0000,396,6,89,9901,0,0,0,0,0,0,3050,2467,2467,2800,351540000,1280981000,50,3,12,4200,5,10,15,20,5000,100725,2467,12,0,0,50,50,0,0
36:29.4,SIM,236266,0x0000,399,10,54,10208,0,0,0,0,0,0,3050,2467,2467,2800,351540000,1280981000,50,3,12,4200,180,350,520,20,5000,100725,2467,12,0,0,50,50,0,0
36:30.0,SIM,236861,0x0000,400,-45,-85,9412,0,0,0,0,0,0,3050,2467,2467,2800,351540000,1280981000,50,3,12,4200,180,350,520,20,5000,100725,2467,12,0,0,50,50,0,0
36:30.6,SIM,237491,0x0000,413,-96,54,9820,0,0,0,0,0,0,3050,2467,2467,2800,351540000,1280981000,50,3,12,4200,180,350,520,20,5000,100725,2467,12,0,0,50,50,0,0
36:31.3,SIM,238112,0x0000,397,-12,40,10169,0,0,0,0,0,0,3050,2467,2467,2800,351540000,1280981000,50,3,12,4200,180,350,520,20,5000,100725,2467,12,0,0,50,50,0,0
36:31.9,SIM,238733,0x0000,412,6,-10,9384,0,0,0,0,0,0,3050,2467,2467,2800,351540000,1280981000,50,3,12,4200,180,350,520,20,5000,100725,2467,12,0,0,50,50,0,0
36:32.5,SIM,239358,0x0000,402,-5,58,10029,0,0,0,0,0,0,3050,2467,2467,2800,351540000,1280981000,50,3,12,4200,180,350,520,20,5000,100725,2467,12,0,0,50,50,0,0
36:33.2,SIM,240055,0x0000,412,2,-60,9704,0,0,0,0,0,0,3050,2467,2467,2800,351540000,1280981000,50,3,12,4200,180,350,520,20,5000,100725,2467,12,0,0,50,50,0,0
36:33.8,SIM,240670,0x0000,404,-32,47,9632,0,0,0,0,0,0,3050,2467,2467,2800,351540000,1280981000,50,3,12,4200,180,350,520,20,5000,100725,2467,12,0,0,50,50,0,0
36:34.4,SIM,241290,0x0000,397,61,25,9850,0,0,0,0,0,0,3050,2467,2467,2800,351540000,1280981000,50,3,12,4200,180,350,520,20,5000,100725,2467,12,0,0,50,50,0,0
36:35.1,SIM,241905,0x0000,398,99,-63,10085,0,0,0,0,0,0,3050,2467,2467,2800,351540000,1280981000,50,3,12,4200,180,350,520,20,5000,100725,2467,12,0,0,50,50,0,0
36:35.7,SIM,242528,0x0000,401,-90,-27,9794,0,0,0,0,0,0,3050,2467,2467,2800,351540000,1280981000,50,3,12,4200,180,350,520,20,5000,100725,2467,12,0,0,50,50,0,0
36:36.3,SIM,243151,0x0000,406,-61,73,9497,0,0,0,0,0,0,3050,2467,2467,2800,351540000,1280981000,50,3,12,4200,180,350,520,20,5000,100725,2467,12,0,0,50,50,0,0
36:36.9,SIM,243782,0x0000,413,52,67,9785,0,0,0,0,0,0,3050,2467,2467,2800,351540000,1280981000,50,3,12,4200,180,350,520,20,5000,100725,2467,12,0,0,50,50,0,0
36:37.6,SIM,244442,0x0000,414,43,-11,10068,0,0,0,0,0,0,3050,2467,2467,2800,351540000,1280981000,50,3,12,4200,180,350,520,20,5000,100725,2467,12,0,0,50,50,0,0
36:38.2,SIM,245074,0x0000,411,35,-50,9768,0,0,0,0,0,0,3050,2467,2467,2800,351540000,1280981000,50,3,12,4200,180,350,520,20,5000,100725,2467,12,0,0,50,50,0,0
36:38.9,SIM,245697,0x0000,403,97,-77,9942,0,0,0,0,0,0,3050,2467,2467,2800,351540000,1280981000,50,3,12,4200,180,350,520,20,5000,100725,2467,12,0,0,50,50,0,0
36:39.5,SIM,246311,0x0000,410,-22,28,9458,0,0,0,0,0,0,3050,2467,2467,2800,351540000,1280981000,50,3,12,4200,5,10,15,20,5000,100725,2467,12,0,0,50,50,0,0
36:40.1,SIM,246917,0x0000,396,-53,19,9764,0,0,0,0,0,0,3050,2467,2467,2800,351540000,1280981000,50,3,12,4200,5,10,15,20,5000,100725,2467,12,0,0,50,50,0,0
36:40.7,SIM,247544,0x0000,408,40,-46,9507,0,0,0,0,0,0,3050,2467,2467,2800,351540000,1280981000,50,3,12,4200,5,10,15,20,5000,100725,2467,12,0,0,50,50,0,0
36:41.4,SIM,248212,0x0000,396,-81,52,9398,0,0,0,0,0,0,3050,2467,2467,2800,351540000,1280981000,50,3,12,4200,5,10,15,20,5000,100725,2467,12,0,0,50,50,0,0
36:42.0,SIM,248833,0x0000,398,55,-24,9542,0,0,0,0,0,0,3050,2467,2467,2800,351540000,1280981000,50,3,12,4200,5,10,15,20,5000,100725,2467,12,0,0,50,50,0,0
36:42.6,SIM,249455,0x0000,398,-53,-14,9443,0,0,0,0,0,0,3050,2467,2467,2800,351540000,1280981000,50,3,12,4200,5,10,15,20,5000,100725,2467,12,0,0,50,50,0,0
36:43.4,SIM,250181,0x0000,398,40,9,9700,0,0,0,0,0,0,3050,2467,2467,2800,351540000,1280981000,50,3,12,4200,5,10,15,20,5000,100725,2467,12,0,0,50,50,0,0
36:44.1,SIM,250908,0x0000,396,-65,70,9700,0,0,0,0,0,0,3050,2467,2467,2800,351540000,1280981000,50,3,12,4200,5,10,15,20,5000,100725,2467,12,0,0,50,50,0,0
36:44.7,SIM,251570,0x0000,396,-46,77,10028,0,0,0,0,0,0,3050,2467,2467,2800,351540000,1280981000,50,3,12,4200,5,10,15,20,5000,100725,2467,12,0,0,50,50,0,0
36:45.4,SIM,252197,0x0000,407,76,-71,9859,0,0,0,0,0,0,3050,2467,2467,2800,351540000,1280981000,50,3,12,4200,5,10,15,20,5000,100725,2467,12,0,0,50,50,0,0
36:46.0,SIM,252870,0x0000,411,1,-56,9320,0,0,0,0,0,0,3050,2467,2467,2800,351540000,1280981000,50,3,12,4200,5,10,15,20,5000,100725,2467,12,0,0,50,50,0,0
36:46.7,SIM,253495,0x0000,411,57,-14,9731,0,0,0,0,0,0,3050,2467,2467,2800,351540000,1280981000,50,3,12,4200,5,10,15,20,5000,100725,2467,12,0,0,50,50,0,0
36:47.3,SIM,254120,0x0000,409,-44,-62,9852,0,0,0,0,0,0,3050,2467,2467,2800,351540000,1280981000,50,3,12,4200,5,10,15,20,5000,100725,2467,12,0,0,50,50,0,0
36:47.9,SIM,254743,0x0000,407,-73,-22,9418,0,0,0,0,0,0,3050,2467,2467,2800,351540000,1280981000,50,3,12,4200,5,10,15,20,5000,100725,2467,12,0,0,50,50,0,0
36:48.6,SIM,255385,0x0000,402,55,24,10055,0,0,0,0,0,0,3050,2467,2467,2800,351540000,1280981000,50,3,12,4200,5,10,15,20,5000,100725,2467,12,0,0,50,50,0,0
36:49.2,SIM,256007,0x0000,395,76,43,9482,0,0,0,0,0,0,3050,2467,2467,2800,351540000,1280981000,50,3,12,4200,5,10,15,20,5000,100725,2467,12,0,0,50,50,0,0
36:49.8,SIM,256673,0x0000,411,-47,-25,9464,0,0,0,0,0,0,3050,2467,2467,2800,351540000,1280981000,50,3,12,4200,5,10,15,20,5000,100725,2467,12,0,0,50,50,0,0
36:50.4,SIM,257271,0x0000,406,-3,76,9357,0,0,0,0,0,0,3050,2467,2467,2800,351540000,1280981000,50,3,12,4200,5,10,15,20,5000,100725,2467,12,0,0,50,50,0,0
36:51.1,SIM,257907,0x0000,404,0,72,9499,0,0,0,0,0,0,3050,2467,2467,2800,351540000,1280981000,50,3,12,4200,5,10,15,20,5000,100725,2467,12,0,0,50,50,0,0
36:51.8,SIM,258581,0x0000,413,-3,10,9583,0,0,0,0,0,0,3050,2467,2467,2800,351540000,1280981000,50,3,12,4200,5,10,15,20,5000,100725,2467,12,0,0,50,50,0,0
36:52.4,SIM,259254,0x0000,396,-86,33,9343,0,0,0,0,0,0,3050,2467,2467,2800,351540000,1280981000,50,3,12,4200,5,10,15,20,5000,100725,2467,12,0,0,50,50,0,0
36:53.1,SIM,259936,0x0000,409,-9,-16,9530,0,0,0,0,0,0,3050,2467,2467,2800,351540000,1280981000,50,3,12,4200,5,10,15,20,5000,100725,2467,12,0,0,50,50,0,0
36:53.9,SIM,260730,0x0000,407,22,83,9903,0,0,0,0,0,0,3050,2467,2467,2800,351540000,1280981000,50,3,12,4200,5,10,15,20,5000,100725,2467,12,0,0,50,50,0,0
36:54.7,SIM,261506,0x0000,410,68,-57,10196,0,0,0,0,0,0,3050,2467,2467,2800,351540000,1280981000,50,3,12,4200,5,10,15,20,5000,100725,2467,12,0,0,50,50,0,0
36:55.3,SIM,262148,0x0000,414,6,-48,10280,0,0,0,0,0,0,3050,2467,2467,2800,351540000,1280981000,50,3,12,4200,5,10,15,20,5000,100725,2467,12,0,0,50,50,0,0
36:56.0,SIM,262840,0x0000,398,-27,74,9664,0,0,0,0,0,0,3050,2467,2467,2800,351540000,1280981000,50,3,12,4200,5,10,15,20,5000,100725,2467,12,0,0,50,50,0,0
36:56.7,SIM,263571,0x0000,395,-24,-40,10279,0,0,0,0,0,0,3050,2467,2467,2800,351540000,1280981000,50,3,12,4200,5,10,15,20,5000,100725,2467,12,0,0,50,50,0,0
